Line,Km,Speed[km/h],SampleCount [n.],Slope1 [mm/m],Slope2 [mm/m],CoachRoll [rad],CoachStagger [mm],CoachHeight [mm],Temperature [?],Last Pole Code [---],HeightWire1 [mm],HeightWire2 [mm],HeightWire3 [mm],HeightWire4 [mm],StaggerWire1 [mm],StaggerWire2 [mm],StaggerWire3 [mm],StaggerWire4 [mm],WearWire1 [mm],WearWire2 [mm],WearWire3 [mm],WearWire4 [mm]
GREY LINE,48.4282,0.4,29,0,0,0,0,0,0,,1.#IO,1.#IO,1.#IO,1.#IO,1.#IO,1.#IO,1.#IO,1.#IO,1.#IO,1.#IO,1.#IO,1.#IO
GREY LINE,48.4282,0.4,29,0,0,0,0,0,0,,1.#IO,1.#IO,1.#IO,1.#IO,1.#IO,1.#IO,1.#IO,1.#IO,1.#IO,1.#IO,1.#IO,1.#IO
GREY LINE,48.4282,0.4,29,0,0,0,0,0,0,,1.#IO,1.#IO,1.#IO,1.#IO,1.#IO,1.#IO,1.#IO,1.#IO,1.#IO,1.#IO,1.#IO,1.#IO
GREY LINE,48.4282,0.4,29,0,0,0,0,0,0,,1.#IO,1.#IO,1.#IO,1.#IO,1.#IO,1.#IO,1.#IO,1.#IO,1.#IO,1.#IO,1.#IO,1.#IO
GREY LINE,48.4282,0.4,29,0,0,0,0,0,0,,1.#IO,1.#IO,1.#IO,1.#IO,1.#IO,1.#IO,1.#IO,1.#IO,1.#IO,1.#IO,1.#IO,1.#IO
GREY LINE,48.4284,0.6,30,0,0,0,0,0,0,,1.#IO,1.#IO,1.#IO,1.#IO,1.#IO,1.#IO,1.#IO,1.#IO,1.#IO,1.#IO,1.#IO,1.#IO
GREY LINE,48.4284,0.6,31,0,0,0,0,0,0,,1.#IO,1.#IO,1.#IO,1.#IO,1.#IO,1.#IO,1.#IO,1.#IO,1.#IO,1.#IO,1.#IO,1.#IO
GREY LINE,48.4284,0.6,32,0,0,0,0,0,0,,1.#IO,1.#IO,1.#IO,1.#IO,1.#IO,1.#IO,1.#IO,1.#IO,1.#IO,1.#IO,1.#IO,1.#IO
GREY LINE,48.4284,0.6,33,0,0,0,0,0,0,,1.#IO,1.#IO,1.#IO,1.#IO,1.#IO,1.#IO,1.#IO,1.#IO,1.#IO,1.#IO,1.#IO,1.#IO
GREY LINE,48.4284,0.6,34,0,0,0,0,0,0,,1.#IO,1.#IO,1.#IO,1.#IO,1.#IO,1.#IO,1.#IO,1.#IO,1.#IO,1.#IO,1.#IO,1.#IO
GREY LINE,48.4284,0.6,35,0,0,0,0,0,0,,1.#IO,1.#IO,1.#IO,1.#IO,1.#IO,1.#IO,1.#IO,1.#IO,1.#IO,1.#IO,1.#IO,1.#IO
GREY LINE,48.4284,0.6,36,0,0,0,0,0,0,,1.#IO,1.#IO,1.#IO,1.#IO,1.#IO,1.#IO,1.#IO,1.#IO,1.#IO,1.#IO,1.#IO,1.#IO
GREY LINE,48.4284,0.6,37,0,0,0,0,0,0,,1.#IO,1.#IO,1.#IO,1.#IO,1.#IO,1.#IO,1.#IO,1.#IO,1.#IO,1.#IO,1.#IO,1.#IO
GREY LINE,48.4284,0.6,38,0,0,0,0,0,0,,1.#IO,1.#IO,1.#IO,1.#IO,1.#IO,1.#IO,1.#IO,1.#IO,1.#IO,1.#IO,1.#IO,1.#IO
GREY LINE,48.4284,0.6,39,0,0,0,0,0,0,,1.#IO,1.#IO,1.#IO,1.#IO,1.#IO,1.#IO,1.#IO,1.#IO,1.#IO,1.#IO,1.#IO,1.#IO
GREY LINE,48.4286,0.8,40,0,0,0,0,0,0,,1.#IO,1.#IO,1.#IO,1.#IO,1.#IO,1.#IO,1.#IO,1.#IO,1.#IO,1.#IO,1.#IO,1.#IO
GREY LINE,48.4286,0.8,41,0,0,0,0,0,0,,1.#IO,1.#IO,1.#IO,1.#IO,1.#IO,1.#IO,1.#IO,1.#IO,1.#IO,1.#IO,1.#IO,1.#IO
GREY LINE,48.4286,0.8,42,0,0,0,0,0,0,,1.#IO,1.#IO,1.#IO,1.#IO,1.#IO,1.#IO,1.#IO,1.#IO,1.#IO,1.#IO,1.#IO,1.#IO
GREY LINE,48.4286,0.8,43,0,0,0,0,0,0,,1.#IO,1.#IO,1.#IO,1.#IO,1.#IO,1.#IO,1.#IO,1.#IO,1.#IO,1.#IO,1.#IO,1.#IO
GREY LINE,48.4286,0.8,44,0,0,0,0,0,0,,1.#IO,1.#IO,1.#IO,1.#IO,1.#IO,1.#IO,1.#IO,1.#IO,1.#IO,1.#IO,1.#IO,1.#IO
GREY LINE,48.4286,0.8,45,0,0,0,0,0,0,,4295.025,4290.198,1.#IO,1.#IO,-34.955,-73.557,1.#IO,1.#IO,12.679,12.629,1.#IO,1.#IO
GREY LINE,48.4286,0.8,46,0,0,0,0,0,0,,4295.118,4290.071,1.#IO,1.#IO,-34.875,-73.497,1.#IO,1.#IO,12.682,12.631,1.#IO,1.#IO
GREY LINE,48.4286,0.8,47,0,0,0,0,0,0,,4294.914,4290.075,1.#IO,1.#IO,-34.792,-73.416,1.#IO,1.#IO,12.686,12.634,1.#IO,1.#IO
GREY LINE,48.4286,0.8,48,0,0,0,0,0,0,,4294.752,4290.109,1.#IO,1.#IO,-34.708,-73.339,1.#IO,1.#IO,12.685,12.636,1.#IO,1.#IO
GREY LINE,48.4286,0.8,49,0,0,0,0,0,0,,4294.567,4290.174,1.#IO,1.#IO,-34.628,-73.258,1.#IO,1.#IO,12.686,12.636,1.#IO,1.#IO
GREY LINE,48.4288,0.9,50,0,0,0,0,0,0,,4294.325,4290.244,1.#IO,1.#IO,-34.544,-73.192,1.#IO,1.#IO,12.688,12.635,1.#IO,1.#IO
GREY LINE,48.4288,0.9,51,0,0,0,0,0,0,,4294.088,4290.291,1.#IO,1.#IO,-34.459,-73.128,1.#IO,1.#IO,12.687,12.634,1.#IO,1.#IO
GREY LINE,48.4288,0.9,52,0,0,0,0,0,0,,4293.939,4290.356,1.#IO,1.#IO,-34.388,-73.052,1.#IO,1.#IO,12.687,12.634,1.#IO,1.#IO
GREY LINE,48.4288,0.9,53,0,0,0,0,0,0,,4293.862,4290.437,1.#IO,1.#IO,-34.366,-72.959,1.#IO,1.#IO,12.686,12.633,1.#IO,1.#IO
GREY LINE,48.4288,0.9,54,0,0,0,0,0,0,,4293.786,4290.478,1.#IO,1.#IO,-34.296,-72.902,1.#IO,1.#IO,12.685,12.633,1.#IO,1.#IO
GREY LINE,48.4288,0.9,55,0,0,0,0,0,0,,4293.64,4290.578,1.#IO,1.#IO,-34.219,-72.823,1.#IO,1.#IO,12.684,12.633,1.#IO,1.#IO
GREY LINE,48.4288,0.9,56,0,0,0,0,0,0,,4293.471,4290.642,1.#IO,1.#IO,-34.139,-72.728,1.#IO,1.#IO,12.682,12.632,1.#IO,1.#IO
GREY LINE,48.4288,0.9,57,0,0,0,0,0,0,,4293.346,4290.75,1.#IO,1.#IO,-34.053,-72.683,1.#IO,1.#IO,12.682,12.631,1.#IO,1.#IO
GREY LINE,48.4288,0.9,58,0,0,0,0,0,0,,4293.383,4290.671,1.#IO,1.#IO,-33.999,-72.601,1.#IO,1.#IO,12.68,12.631,1.#IO,1.#IO
GREY LINE,48.4288,0.9,59,0,0,0,0,0,0,,4293.415,4290.66,1.#IO,1.#IO,-33.947,-72.508,1.#IO,1.#IO,12.678,12.63,1.#IO,1.#IO
GREY LINE,48.429,1.1,60,0,0,0,0,0,0,,4293.369,4290.74,1.#IO,1.#IO,-33.887,-72.465,1.#IO,1.#IO,12.677,12.629,1.#IO,1.#IO
GREY LINE,48.429,1.1,61,0,0,0,0,0,0,,4293.395,4290.748,1.#IO,1.#IO,-33.839,-72.403,1.#IO,1.#IO,12.677,12.629,1.#IO,1.#IO
GREY LINE,48.429,1.1,62,0,0,0,0,0,0,,4293.414,4290.78,1.#IO,1.#IO,-33.791,-72.349,1.#IO,1.#IO,12.676,12.629,1.#IO,1.#IO
GREY LINE,48.429,1.1,63,0,0,0,0,0,0,,4293.361,4290.841,1.#IO,1.#IO,-33.728,-72.307,1.#IO,1.#IO,12.675,12.628,1.#IO,1.#IO
GREY LINE,48.429,1.1,64,0,0,0,0,0,0,,4293.377,4290.822,1.#IO,1.#IO,-33.679,-72.243,1.#IO,1.#IO,12.674,12.627,1.#IO,1.#IO
GREY LINE,48.429,1.1,65,0,0,0,0,0,0,,4293.391,4290.785,1.#IO,1.#IO,-33.626,-72.166,1.#IO,1.#IO,12.673,12.627,1.#IO,1.#IO
GREY LINE,48.429,1.1,66,0,0,0,0,0,0,,4293.363,4290.834,1.#IO,1.#IO,-33.568,-72.117,1.#IO,1.#IO,12.672,12.626,1.#IO,1.#IO
GREY LINE,48.429,1.1,67,0,0,0,0,0,0,,4293.375,4290.989,1.#IO,1.#IO,-33.514,-72.099,1.#IO,1.#IO,12.671,12.625,1.#IO,1.#IO
GREY LINE,48.429,1.1,68,0,0,0,0,0,0,,4293.388,4291.113,1.#IO,1.#IO,-33.46,-72.041,1.#IO,1.#IO,12.67,12.624,1.#IO,1.#IO
GREY LINE,48.429,1.1,69,0,0,0,0,0,0,,4293.503,4291.162,1.#IO,1.#IO,-33.421,-71.992,1.#IO,1.#IO,12.669,12.624,1.#IO,1.#IO
GREY LINE,48.4292,1.2,70,0,0,0,0,0,0,,4293.504,4291.23,1.#IO,1.#IO,-33.366,-71.937,1.#IO,1.#IO,12.668,12.623,1.#IO,1.#IO
GREY LINE,48.4292,1.2,71,0,0,0,0,0,0,,4293.52,4291.274,1.#IO,1.#IO,-33.249,-71.817,1.#IO,1.#IO,12.668,12.622,1.#IO,1.#IO
GREY LINE,48.4292,1.2,72,0,0,0,0,0,0,,4293.532,4291.345,1.#IO,1.#IO,-33.136,-71.697,1.#IO,1.#IO,12.667,12.622,1.#IO,1.#IO
GREY LINE,48.4292,1.2,73,0,0,0,0,0,0,,4293.573,4291.409,1.#IO,1.#IO,-33.021,-71.579,1.#IO,1.#IO,12.667,12.621,1.#IO,1.#IO
GREY LINE,48.4292,1.2,74,2061.743,0,0,0,0,0,,4293.676,4291.44,1.#IO,1.#IO,-32.919,-71.457,1.#IO,1.#IO,12.667,12.622,1.#IO,1.#IO
GREY LINE,48.4292,1.2,75,1983.185,0,0,0,0,0,,4293.694,4291.472,1.#IO,1.#IO,-32.808,-71.337,1.#IO,1.#IO,12.667,12.622,1.#IO,1.#IO
GREY LINE,48.4292,1.2,76,1902.053,0,0,0,0,0,,4293.698,4291.557,1.#IO,1.#IO,-32.698,-71.237,1.#IO,1.#IO,12.666,12.621,1.#IO,1.#IO
GREY LINE,48.4292,1.2,77,1818.346,0,0,0,0,0,,4293.7,4291.579,1.#IO,1.#IO,-32.593,-71.124,1.#IO,1.#IO,12.666,12.625,1.#IO,1.#IO
GREY LINE,48.4292,1.2,78,1732.06,0,0,0,0,0,,4293.694,4291.561,1.#IO,1.#IO,-32.488,-71.019,1.#IO,1.#IO,12.666,12.625,1.#IO,1.#IO
GREY LINE,48.4292,1.2,79,1643.193,0,0,0,0,0,,4293.695,4291.678,1.#IO,1.#IO,-32.386,-70.924,1.#IO,1.#IO,12.665,12.624,1.#IO,1.#IO
GREY LINE,48.4294,1.3,80,1551.75,0,0,0,0,0,,4293.7,4292.04,1.#IO,1.#IO,-32.286,-70.834,1.#IO,1.#IO,12.665,12.623,1.#IO,1.#IO
GREY LINE,48.4294,1.3,81,1457.733,0,0,0,0,0,,4293.713,4292.224,1.#IO,1.#IO,-32.184,-70.757,1.#IO,1.#IO,12.664,12.623,1.#IO,1.#IO
GREY LINE,48.4294,1.3,82,1361.13,0,0,0,0,0,,4293.669,4292.281,1.#IO,1.#IO,-32.083,-70.66,1.#IO,1.#IO,12.663,12.622,1.#IO,1.#IO
GREY LINE,48.4294,1.3,83,1261.956,0,0,0,0,0,,4293.67,4292.305,1.#IO,1.#IO,-31.977,-70.557,1.#IO,1.#IO,12.663,12.622,1.#IO,1.#IO
GREY LINE,48.4294,1.3,84,1160.205,0,0,0,0,0,,4293.65,4292.314,1.#IO,1.#IO,-31.875,-70.455,1.#IO,1.#IO,12.662,12.621,1.#IO,1.#IO
GREY LINE,48.4294,1.3,85,1055.875,0,0,0,0,0,,4293.569,4292.313,1.#IO,1.#IO,-31.778,-70.351,1.#IO,1.#IO,12.661,12.621,1.#IO,1.#IO
GREY LINE,48.4294,1.3,86,948.97,0,0,0,0,0,,4293.485,4292.318,1.#IO,1.#IO,-31.678,-70.243,1.#IO,1.#IO,12.661,12.62,1.#IO,1.#IO
GREY LINE,48.4294,1.3,87,839.485,0,0,0,0,0,,4293.422,4292.375,1.#IO,1.#IO,-31.572,-70.137,1.#IO,1.#IO,12.66,12.62,1.#IO,1.#IO
GREY LINE,48.4294,1.3,88,727.42,0,0,0,0,0,,4293.381,4292.45,1.#IO,1.#IO,-31.458,-70.034,1.#IO,1.#IO,12.66,12.62,1.#IO,1.#IO
GREY LINE,48.4294,1.3,89,612.784,0,0,0,0,0,,4293.288,4292.543,1.#IO,1.#IO,-31.347,-69.931,1.#IO,1.#IO,12.66,12.62,1.#IO,1.#IO
GREY LINE,48.4296,1.4,90,495.567,0,0,0,0,0,,4293.23,4292.611,1.#IO,1.#IO,-31.229,-69.823,1.#IO,1.#IO,12.66,12.62,1.#IO,1.#IO
GREY LINE,48.4296,1.4,91,375.779,0,0,0,0,0,,4293.18,4292.653,1.#IO,1.#IO,-31.113,-69.714,1.#IO,1.#IO,12.66,12.62,1.#IO,1.#IO
GREY LINE,48.4296,1.4,92,253.411,0,0,0,0,0,,4293.105,4292.67,1.#IO,1.#IO,-30.995,-69.602,1.#IO,1.#IO,12.659,12.62,1.#IO,1.#IO
GREY LINE,48.4296,1.4,93,128.468,0,0,0,0,0,,4292.988,4292.666,1.#IO,1.#IO,-30.885,-69.487,1.#IO,1.#IO,12.659,12.62,1.#IO,1.#IO
GREY LINE,48.4296,1.4,94,0.948,0,0,0,0,0,,4292.855,4292.609,1.#IO,1.#IO,-30.779,-69.382,1.#IO,1.#IO,12.659,12.62,1.#IO,1.#IO
GREY LINE,48.4296,1.4,95,0.886,0,0,0,0,0,,4292.758,4292.597,1.#IO,1.#IO,-30.667,-69.267,1.#IO,1.#IO,12.659,12.62,1.#IO,1.#IO
GREY LINE,48.4296,1.4,96,0.82,0,0,0,0,0,,4292.667,4292.71,1.#IO,1.#IO,-30.543,-69.157,1.#IO,1.#IO,12.659,12.62,1.#IO,1.#IO
GREY LINE,48.4296,1.4,97,0.748,0,0,0,0,0,,4292.571,4292.812,1.#IO,1.#IO,-30.442,-69.051,1.#IO,1.#IO,12.659,12.62,1.#IO,1.#IO
GREY LINE,48.4296,1.4,98,0.679,0,0,0,0,0,,4292.636,4292.85,1.#IO,1.#IO,-30.343,-68.956,1.#IO,1.#IO,12.659,12.621,1.#IO,1.#IO
GREY LINE,48.4296,1.4,99,0.619,0,0,0,0,0,,4292.682,4292.871,1.#IO,1.#IO,-30.247,-68.861,1.#IO,1.#IO,12.658,12.62,1.#IO,1.#IO
GREY LINE,48.4298,1.5,100,0.552,0,0,0,0,0,,4292.752,4292.87,1.#IO,1.#IO,-30.153,-68.772,1.#IO,1.#IO,12.658,12.62,1.#IO,1.#IO
GREY LINE,48.4298,1.5,101,0.486,0,0,0,0,0,,4292.855,4292.861,1.#IO,1.#IO,-30.061,-68.651,1.#IO,1.#IO,12.659,12.62,1.#IO,1.#IO
GREY LINE,48.4298,1.5,102,0.421,0,0,0,0,0,,4292.967,4292.857,1.#IO,1.#IO,-29.989,-68.556,1.#IO,1.#IO,12.658,12.62,1.#IO,1.#IO
GREY LINE,48.4298,1.5,103,0.361,0,0,0,0,0,,4293.024,4292.848,1.#IO,1.#IO,-29.894,-68.47,1.#IO,1.#IO,12.658,12.619,1.#IO,1.#IO
GREY LINE,48.4298,1.5,104,0.296,0,0,0,0,0,,4293.043,4292.824,1.#IO,1.#IO,-29.765,-68.395,1.#IO,1.#IO,12.657,12.619,1.#IO,1.#IO
GREY LINE,48.4298,1.5,105,0.24,0,0,0,0,0,,4293.064,4292.821,1.#IO,1.#IO,-29.668,-68.296,1.#IO,1.#IO,12.656,12.619,1.#IO,1.#IO
GREY LINE,48.4298,1.5,106,0.182,0,0,0,0,0,,4293.137,4292.787,1.#IO,1.#IO,-29.572,-68.212,1.#IO,1.#IO,12.656,12.619,1.#IO,1.#IO
GREY LINE,48.4298,1.5,107,0.122,0,0,0,0,0,,4293.23,4292.766,1.#IO,1.#IO,-29.479,-68.14,1.#IO,1.#IO,12.655,12.619,1.#IO,1.#IO
GREY LINE,48.4298,1.5,108,0.066,0,0,0,0,0,,4293.297,4292.709,1.#IO,1.#IO,-29.409,-68.031,1.#IO,1.#IO,12.655,12.619,1.#IO,1.#IO
GREY LINE,48.4298,1.5,109,0.002,0,0,0,0,0,,4293.25,4292.792,1.#IO,1.#IO,-29.294,-67.95,1.#IO,1.#IO,12.655,12.619,1.#IO,1.#IO
GREY LINE,48.43,1.7,110,-0.061,0,0,0,0,0,,4293.195,4292.822,1.#IO,1.#IO,-29.178,-67.877,1.#IO,1.#IO,12.655,12.619,1.#IO,1.#IO
GREY LINE,48.43,1.7,111,-0.124,0,0,0,0,0,,4293.202,4292.772,1.#IO,1.#IO,-29.07,-67.765,1.#IO,1.#IO,12.655,12.619,1.#IO,1.#IO
GREY LINE,48.43,1.7,112,-0.184,0,0,0,0,0,,4293.155,4292.785,1.#IO,1.#IO,-28.95,-67.666,1.#IO,1.#IO,12.654,12.618,1.#IO,1.#IO
GREY LINE,48.43,1.7,113,-0.247,0,0,0,0,0,,4293.11,4292.772,1.#IO,1.#IO,-28.829,-67.563,1.#IO,1.#IO,12.654,12.618,1.#IO,1.#IO
GREY LINE,48.43,1.7,114,-0.311,0,0,0,0,0,,4293.125,4292.736,1.#IO,1.#IO,-28.72,-67.448,1.#IO,1.#IO,12.654,12.618,1.#IO,1.#IO
GREY LINE,48.43,1.7,115,-0.382,0,0,0,0,0,,4293.087,4292.771,1.#IO,1.#IO,-28.601,-67.351,1.#IO,1.#IO,12.654,12.618,1.#IO,1.#IO
GREY LINE,48.43,1.7,116,-0.448,0,0,0,0,0,,4293.046,4292.815,1.#IO,1.#IO,-28.484,-67.269,1.#IO,1.#IO,12.654,12.618,1.#IO,1.#IO
GREY LINE,48.43,1.7,117,-0.512,0,0,0,0,0,,4293.038,4292.774,1.#IO,1.#IO,-28.373,-67.16,1.#IO,1.#IO,12.654,12.617,1.#IO,1.#IO
GREY LINE,48.43,1.7,118,-0.576,0,0,0,0,0,,4292.998,4292.723,1.#IO,1.#IO,-28.258,-67.015,1.#IO,1.#IO,12.653,12.617,1.#IO,1.#IO
GREY LINE,48.43,1.7,119,-0.637,0,0,0,0,0,,4293.042,4292.608,1.#IO,1.#IO,-28.159,-66.914,1.#IO,1.#IO,12.653,12.617,1.#IO,1.#IO
GREY LINE,48.4302,1.9,120,-0.696,0,0,0,0,0,,4292.991,4292.58,1.#IO,1.#IO,-28.042,-66.808,1.#IO,1.#IO,12.652,12.617,1.#IO,1.#IO
GREY LINE,48.4302,1.9,121,-0.763,0,0,0,0,0,,4292.957,4292.569,1.#IO,1.#IO,-27.948,-66.691,1.#IO,1.#IO,12.652,12.617,1.#IO,1.#IO
GREY LINE,48.4302,1.9,122,-0.823,0,0,0,0,0,,4292.908,4292.438,1.#IO,1.#IO,-27.867,-66.571,1.#IO,1.#IO,12.651,12.616,1.#IO,1.#IO
GREY LINE,48.4302,1.9,123,-0.876,0,0,0,0,0,,4292.88,4292.37,1.#IO,1.#IO,-27.745,-66.493,1.#IO,1.#IO,12.651,12.616,1.#IO,1.#IO
GREY LINE,48.4302,1.9,124,-0.936,0,0,0,0,0,,4292.761,4292.306,1.#IO,1.#IO,-27.637,-66.379,1.#IO,1.#IO,12.65,12.616,1.#IO,1.#IO
GREY LINE,48.4302,1.9,125,-0.99,0,0,0,0,0,,4292.537,4292.248,1.#IO,1.#IO,-27.518,-66.271,1.#IO,1.#IO,12.65,12.616,1.#IO,1.#IO
GREY LINE,48.4302,1.9,126,-1.042,0,0,0,0,0,,4292.496,4292.223,1.#IO,1.#IO,-27.398,-66.167,1.#IO,1.#IO,12.65,12.616,1.#IO,1.#IO
GREY LINE,48.4302,1.9,127,-1.092,0,0,0,0,0,,4292.46,4292.174,1.#IO,1.#IO,-27.276,-66.054,1.#IO,1.#IO,12.65,12.616,1.#IO,1.#IO
GREY LINE,48.4302,1.9,128,-1.145,0,0,0,0,0,,4292.417,4292.11,1.#IO,1.#IO,-27.154,-65.942,1.#IO,1.#IO,12.649,12.616,1.#IO,1.#IO
GREY LINE,48.4302,1.9,129,-1.194,0,0,0,0,0,,4292.377,4292.045,1.#IO,1.#IO,-27.033,-65.828,1.#IO,1.#IO,12.649,12.616,1.#IO,1.#IO
GREY LINE,48.4304,2,130,-1.233,0,0,0,0,0,,4292.337,4291.983,1.#IO,1.#IO,-26.91,-65.715,1.#IO,1.#IO,12.649,12.615,1.#IO,1.#IO
GREY LINE,48.4304,2,131,-1.265,0,0,0,0,0,,4292.31,4291.934,1.#IO,1.#IO,-26.795,-65.605,1.#IO,1.#IO,12.649,12.615,1.#IO,1.#IO
GREY LINE,48.4304,2,132,-1.296,0,0,0,0,0,,4292.27,4291.889,1.#IO,1.#IO,-26.674,-65.494,1.#IO,1.#IO,12.649,12.614,1.#IO,1.#IO
GREY LINE,48.4304,2,133,-1.324,0,0,0,0,0,,4292.221,4291.838,1.#IO,1.#IO,-26.536,-65.381,1.#IO,1.#IO,12.648,12.614,1.#IO,1.#IO
GREY LINE,48.4304,2,134,-1.349,0,0,0,0,0,,4292.181,4291.779,1.#IO,1.#IO,-26.42,-65.265,1.#IO,1.#IO,12.648,12.614,1.#IO,1.#IO
GREY LINE,48.4304,2,135,-1.371,0,0,0,0,0,,4292.145,4291.749,1.#IO,1.#IO,-26.301,-65.15,1.#IO,1.#IO,12.648,12.613,1.#IO,1.#IO
GREY LINE,48.4304,2,136,-1.401,0,0,0,0,0,,4292.12,4291.713,1.#IO,1.#IO,-26.181,-65.038,1.#IO,1.#IO,12.648,12.613,1.#IO,1.#IO
GREY LINE,48.4304,2,137,-1.423,0,0,0,0,0,,4292.082,4291.659,1.#IO,1.#IO,-26.064,-64.923,1.#IO,1.#IO,12.649,12.613,1.#IO,1.#IO
GREY LINE,48.4304,2,138,-1.443,0,0,0,0,0,,4292.035,4291.617,1.#IO,1.#IO,-25.949,-64.809,1.#IO,1.#IO,12.649,12.613,1.#IO,1.#IO
GREY LINE,48.4304,2,139,-1.461,0,0,0,0,0,,4292.001,4291.573,1.#IO,1.#IO,-25.839,-64.7,1.#IO,1.#IO,12.649,12.613,1.#IO,1.#IO
GREY LINE,48.4306,2.2,140,-1.471,0,0,0,0,0,,4291.973,4291.521,1.#IO,1.#IO,-25.732,-64.594,1.#IO,1.#IO,12.648,12.613,1.#IO,1.#IO
GREY LINE,48.4306,2.2,141,-1.483,0,0,0,0,0,,4291.941,4291.576,1.#IO,1.#IO,-25.625,-64.483,1.#IO,1.#IO,12.648,12.612,1.#IO,1.#IO
GREY LINE,48.4306,2.2,142,-1.494,0,0,0,0,0,,4291.91,4291.541,1.#IO,1.#IO,-25.523,-64.38,1.#IO,1.#IO,12.648,12.612,1.#IO,1.#IO
GREY LINE,48.4306,2.2,143,-1.505,0,0,0,0,0,,4291.881,4291.508,1.#IO,1.#IO,-25.416,-64.276,1.#IO,1.#IO,12.648,12.612,1.#IO,1.#IO
GREY LINE,48.4306,2.2,144,-1.516,0,0,0,0,0,,4291.848,4291.463,1.#IO,1.#IO,-25.307,-64.154,1.#IO,1.#IO,12.648,12.612,1.#IO,1.#IO
GREY LINE,48.4306,2.2,145,-1.525,0,0,0,0,0,,4291.813,4291.423,1.#IO,1.#IO,-25.197,-64.05,1.#IO,1.#IO,12.648,12.612,1.#IO,1.#IO
GREY LINE,48.4306,2.2,146,-1.531,0,0,0,0,0,,4291.871,4291.393,1.#IO,1.#IO,-25.1,-63.94,1.#IO,1.#IO,12.648,12.612,1.#IO,1.#IO
GREY LINE,48.4306,2.2,147,-1.539,0,0,0,0,0,,4291.834,4291.338,1.#IO,1.#IO,-24.989,-63.808,1.#IO,1.#IO,12.647,12.612,1.#IO,1.#IO
GREY LINE,48.4306,2.2,148,-1.537,0,0,0,0,0,,4291.712,4291.304,1.#IO,1.#IO,-24.891,-63.7,1.#IO,1.#IO,12.646,12.612,1.#IO,1.#IO
GREY LINE,48.4306,2.2,149,-1.539,378.471,0,0,0,0,,4291.678,4291.42,1.#IO,1.#IO,-24.779,-63.611,1.#IO,1.#IO,12.645,12.612,1.#IO,1.#IO
GREY LINE,48.4308,2.3,150,-1.539,361.074,0,0,0,0,,4291.652,4291.381,1.#IO,1.#IO,-24.664,-63.505,1.#IO,1.#IO,12.644,12.612,1.#IO,1.#IO
GREY LINE,48.4308,2.3,151,-1.535,343.511,0,0,0,0,,4291.606,4291.345,1.#IO,1.#IO,-24.55,-63.397,1.#IO,1.#IO,12.643,12.612,1.#IO,1.#IO
GREY LINE,48.4308,2.3,152,-1.527,325.783,0,0,0,0,,4291.575,4291.385,1.#IO,1.#IO,-24.438,-63.33,1.#IO,1.#IO,12.642,12.614,1.#IO,1.#IO
GREY LINE,48.4308,2.3,153,-1.523,307.892,0,0,0,0,,4291.552,4291.356,1.#IO,1.#IO,-24.308,-63.225,1.#IO,1.#IO,12.641,12.615,1.#IO,1.#IO
GREY LINE,48.4308,2.3,154,-1.517,289.834,0,0,0,0,,4291.53,4291.321,1.#IO,1.#IO,-24.197,-63.117,1.#IO,1.#IO,12.64,12.614,1.#IO,1.#IO
GREY LINE,48.4308,2.3,155,-1.512,271.613,0,0,0,0,,4291.5,4291.354,1.#IO,1.#IO,-24.089,-63.005,1.#IO,1.#IO,12.639,12.611,1.#IO,1.#IO
GREY LINE,48.4308,2.3,156,-1.504,253.229,0,0,0,0,,4291.471,4291.32,1.#IO,1.#IO,-23.979,-62.902,1.#IO,1.#IO,12.638,12.608,1.#IO,1.#IO
GREY LINE,48.4308,2.3,157,-1.498,234.676,0,0,0,0,,4291.549,4291.273,1.#IO,1.#IO,-23.865,-62.801,1.#IO,1.#IO,12.637,12.608,1.#IO,1.#IO
GREY LINE,48.4308,2.3,158,-1.493,215.96,0,0,0,0,,4291.521,4291.229,1.#IO,1.#IO,-23.761,-62.678,1.#IO,1.#IO,12.636,12.61,1.#IO,1.#IO
GREY LINE,48.4308,2.3,159,-1.483,197.078,0,0,0,0,,4291.496,4291.194,1.#IO,1.#IO,-23.641,-62.58,1.#IO,1.#IO,12.635,12.611,1.#IO,1.#IO
GREY LINE,48.431,2.5,160,-1.474,178.034,0,0,0,0,,4291.47,4291.156,1.#IO,1.#IO,-23.569,-62.482,1.#IO,1.#IO,12.633,12.611,1.#IO,1.#IO
GREY LINE,48.431,2.5,161,-1.462,158.824,0,0,0,0,,4291.449,4291.133,1.#IO,1.#IO,-23.47,-62.369,1.#IO,1.#IO,12.631,12.611,1.#IO,1.#IO
GREY LINE,48.431,2.5,162,-1.452,139.45,0,0,0,0,,4291.427,4291.1,1.#IO,1.#IO,-23.375,-62.279,1.#IO,1.#IO,12.63,12.611,1.#IO,1.#IO
GREY LINE,48.431,2.5,163,-1.434,119.91,0,0,0,0,,4291.404,4291.064,1.#IO,1.#IO,-23.279,-62.187,1.#IO,1.#IO,12.628,12.609,1.#IO,1.#IO
GREY LINE,48.431,2.5,164,-1.423,100.204,0,0,0,0,,4291.37,4290.918,1.#IO,1.#IO,-23.183,-62.085,1.#IO,1.#IO,12.627,12.608,1.#IO,1.#IO
GREY LINE,48.431,2.5,165,-1.405,80.334,0,0,0,0,,4291.348,4290.881,1.#IO,1.#IO,-23.091,-61.996,1.#IO,1.#IO,12.625,12.607,1.#IO,1.#IO
GREY LINE,48.431,2.5,166,-1.384,60.3,0,0,0,0,,4291.318,4290.861,1.#IO,1.#IO,-22.995,-61.905,1.#IO,1.#IO,12.624,12.606,1.#IO,1.#IO
GREY LINE,48.431,2.5,167,-1.363,40.103,0,0,0,0,,4291.29,4290.836,1.#IO,1.#IO,-22.901,-61.858,1.#IO,1.#IO,12.622,12.606,1.#IO,1.#IO
GREY LINE,48.431,2.5,168,-1.344,19.739,0,0,0,0,,4291.272,4290.81,1.#IO,1.#IO,-22.804,-61.764,1.#IO,1.#IO,12.62,12.605,1.#IO,1.#IO
GREY LINE,48.431,2.5,169,-1.323,-0.79,0,0,0,0,,4291.242,4290.703,1.#IO,1.#IO,-22.706,-61.675,1.#IO,1.#IO,12.618,12.604,1.#IO,1.#IO
GREY LINE,48.4312,2.6,170,-1.306,-0.802,0,0,0,0,,4291.139,4290.67,1.#IO,1.#IO,-22.593,-61.581,1.#IO,1.#IO,12.617,12.603,1.#IO,1.#IO
GREY LINE,48.4312,2.6,171,-1.29,-0.815,0,0,0,0,,4291.023,4290.627,1.#IO,1.#IO,-22.481,-61.482,1.#IO,1.#IO,12.616,12.602,1.#IO,1.#IO
GREY LINE,48.4312,2.6,172,-1.273,-0.829,0,0,0,0,,4291,4290.544,1.#IO,1.#IO,-22.361,-61.398,1.#IO,1.#IO,12.616,12.6,1.#IO,1.#IO
GREY LINE,48.4312,2.6,173,-1.259,-0.843,0,0,0,0,,4290.984,4290.601,1.#IO,1.#IO,-22.227,-61.325,1.#IO,1.#IO,12.615,12.599,1.#IO,1.#IO
GREY LINE,48.4312,2.6,174,-1.242,-0.856,0,0,0,0,,4290.95,4290.58,1.#IO,1.#IO,-22.132,-61.206,1.#IO,1.#IO,12.615,12.599,1.#IO,1.#IO
GREY LINE,48.4312,2.6,175,-1.23,-0.868,0,0,0,0,,4290.995,4290.578,1.#IO,1.#IO,-22.025,-61.117,1.#IO,1.#IO,12.614,12.598,1.#IO,1.#IO
GREY LINE,48.4312,2.6,176,-1.219,-0.881,0,0,0,0,,4290.894,4290.561,1.#IO,1.#IO,-21.911,-61.027,1.#IO,1.#IO,12.613,12.597,1.#IO,1.#IO
GREY LINE,48.4312,2.6,177,-1.211,-0.894,0,0,0,0,,4290.859,4290.519,1.#IO,1.#IO,-21.818,-60.931,1.#IO,1.#IO,12.612,12.595,1.#IO,1.#IO
GREY LINE,48.4312,2.6,178,-1.203,-0.905,0,0,0,0,,4290.829,4290.492,1.#IO,1.#IO,-21.72,-60.819,1.#IO,1.#IO,12.612,12.594,1.#IO,1.#IO
GREY LINE,48.4312,2.6,179,-1.194,-0.916,0,0,0,0,,4290.807,4290.465,1.#IO,1.#IO,-21.617,-60.724,1.#IO,1.#IO,12.613,12.591,1.#IO,1.#IO
GREY LINE,48.4314,2.7,180,-1.188,-0.929,0,0,0,0,,4290.786,4290.449,1.#IO,1.#IO,-21.516,-60.631,1.#IO,1.#IO,12.614,12.592,1.#IO,1.#IO
GREY LINE,48.4314,2.7,181,-1.182,-0.941,0,0,0,0,,4290.761,4290.449,1.#IO,1.#IO,-21.417,-60.539,1.#IO,1.#IO,12.613,12.591,1.#IO,1.#IO
GREY LINE,48.4314,2.7,182,-1.179,-0.952,0,0,0,0,,4290.732,4290.425,1.#IO,1.#IO,-21.312,-60.444,1.#IO,1.#IO,12.612,12.59,1.#IO,1.#IO
GREY LINE,48.4314,2.7,183,-1.176,-0.948,0,0,0,0,,4290.712,4290.4,1.#IO,1.#IO,-21.215,-60.351,1.#IO,1.#IO,12.61,12.59,1.#IO,1.#IO
GREY LINE,48.4314,2.7,184,-1.167,-0.946,0,0,0,0,,4290.708,4290.406,1.#IO,1.#IO,-21.136,-60.26,1.#IO,1.#IO,12.611,12.589,1.#IO,1.#IO
GREY LINE,48.4314,2.7,185,-1.168,-0.945,0,0,0,0,,4290.709,4290.398,1.#IO,1.#IO,-21.036,-60.171,1.#IO,1.#IO,12.611,12.587,1.#IO,1.#IO
GREY LINE,48.4314,2.7,186,-1.163,-0.941,0,0,0,0,,4290.699,4290.371,1.#IO,1.#IO,-20.937,-60.084,1.#IO,1.#IO,12.612,12.588,1.#IO,1.#IO
GREY LINE,48.4314,2.7,187,-1.162,-0.938,0,0,0,0,,4290.673,4290.357,1.#IO,1.#IO,-20.84,-59.99,1.#IO,1.#IO,12.613,12.587,1.#IO,1.#IO
GREY LINE,48.4314,2.7,188,-1.157,-0.933,0,0,0,0,,4290.657,4290.344,1.#IO,1.#IO,-20.74,-59.902,1.#IO,1.#IO,12.614,12.589,1.#IO,1.#IO
GREY LINE,48.4314,2.7,189,-1.156,-0.929,0,0,0,0,,4290.567,4290.314,1.#IO,1.#IO,-20.656,-59.818,1.#IO,1.#IO,12.614,12.59,1.#IO,1.#IO
GREY LINE,48.4316,2.8,190,-1.157,-0.927,0,0,0,0,,4290.554,4290.321,1.#IO,1.#IO,-20.561,-59.731,1.#IO,1.#IO,12.615,12.591,1.#IO,1.#IO
GREY LINE,48.4316,2.8,191,-1.156,-0.923,0,0,0,0,,4290.532,4290.305,1.#IO,1.#IO,-20.469,-59.65,1.#IO,1.#IO,12.616,12.591,1.#IO,1.#IO
GREY LINE,48.4316,2.8,192,-1.153,-0.918,0,0,0,0,,4290.512,4290.215,1.#IO,1.#IO,-20.381,-59.575,1.#IO,1.#IO,12.617,12.592,1.#IO,1.#IO
GREY LINE,48.4316,2.8,193,-1.155,-0.912,0,0,0,0,,4290.484,4290.21,1.#IO,1.#IO,-20.294,-59.495,1.#IO,1.#IO,12.618,12.593,1.#IO,1.#IO
GREY LINE,48.4316,2.8,194,-1.149,-0.906,0,0,0,0,,4290.454,4290.178,1.#IO,1.#IO,-20.215,-59.42,1.#IO,1.#IO,12.618,12.594,1.#IO,1.#IO
GREY LINE,48.4316,2.8,195,-1.147,-0.901,0,0,0,0,,4290.444,4290.248,1.#IO,1.#IO,-20.135,-59.356,1.#IO,1.#IO,12.619,12.595,1.#IO,1.#IO
GREY LINE,48.4316,2.8,196,-1.151,-0.895,0,0,0,0,,4290.425,4290.236,1.#IO,1.#IO,-20.058,-59.282,1.#IO,1.#IO,12.62,12.596,1.#IO,1.#IO
GREY LINE,48.4316,2.8,197,-1.151,-0.886,0,0,0,0,,4290.393,4290.205,1.#IO,1.#IO,-19.979,-59.212,1.#IO,1.#IO,12.621,12.597,1.#IO,1.#IO
GREY LINE,48.4316,2.8,198,-1.156,-0.882,0,0,0,0,,4290.385,4290.305,1.#IO,1.#IO,-19.901,-59.184,1.#IO,1.#IO,12.622,12.598,1.#IO,1.#IO
GREY LINE,48.4316,2.8,199,-1.153,-0.871,0,0,0,0,,4290.459,4290.298,1.#IO,1.#IO,-19.809,-59.109,1.#IO,1.#IO,12.624,12.599,1.#IO,1.#IO
GREY LINE,48.4318,2.9,200,-1.155,-0.863,0,0,0,0,,4290.441,4290.125,1.#IO,1.#IO,-19.731,-59.016,1.#IO,1.#IO,12.624,12.6,1.#IO,1.#IO
GREY LINE,48.4318,2.9,201,-1.153,-0.854,0,0,0,0,,4290.419,4290.115,1.#IO,1.#IO,-19.653,-58.935,1.#IO,1.#IO,12.625,12.601,1.#IO,1.#IO
GREY LINE,48.4318,2.9,202,-1.147,-0.844,0,0,0,0,,4290.407,4290.093,1.#IO,1.#IO,-19.574,-58.86,1.#IO,1.#IO,12.627,12.602,1.#IO,1.#IO
GREY LINE,48.4318,2.9,203,-1.144,-0.836,0,0,0,0,,4290.392,4289.993,1.#IO,1.#IO,-19.496,-58.768,1.#IO,1.#IO,12.628,12.603,1.#IO,1.#IO
GREY LINE,48.4318,2.9,204,-1.135,-0.825,0,0,0,0,,4290.369,4290.051,1.#IO,1.#IO,-19.419,-58.681,1.#IO,1.#IO,12.629,12.604,1.#IO,1.#IO
GREY LINE,48.4318,2.9,205,-1.132,-0.813,0,0,0,0,,4290.361,4290.036,1.#IO,1.#IO,-19.34,-58.605,1.#IO,1.#IO,12.63,12.605,1.#IO,1.#IO
GREY LINE,48.4318,2.9,206,-1.126,-0.801,0,0,0,0,,4290.358,4289.956,1.#IO,1.#IO,-19.263,-58.538,1.#IO,1.#IO,12.631,12.605,1.#IO,1.#IO
GREY LINE,48.4318,2.9,207,-1.122,-0.785,0,0,0,0,,4290.351,4289.934,1.#IO,1.#IO,-19.188,-58.461,1.#IO,1.#IO,12.631,12.606,1.#IO,1.#IO
GREY LINE,48.4318,2.9,208,-1.117,-0.773,0,0,0,0,,4290.234,4289.913,1.#IO,1.#IO,-19.123,-58.387,1.#IO,1.#IO,12.632,12.606,1.#IO,1.#IO
GREY LINE,48.4318,2.9,209,-1.111,-0.757,0,0,0,0,,4290.22,4289.901,1.#IO,1.#IO,-19.047,-58.336,1.#IO,1.#IO,12.632,12.607,1.#IO,1.#IO
GREY LINE,48.432,3,210,-1.113,-0.743,0,0,0,0,,4290.206,4289.873,1.#IO,1.#IO,-18.969,-58.253,1.#IO,1.#IO,12.633,12.607,1.#IO,1.#IO
GREY LINE,48.432,3,211,-1.105,-0.729,0,0,0,0,,4290.233,4289.848,1.#IO,1.#IO,-18.87,-58.176,1.#IO,1.#IO,12.633,12.607,1.#IO,1.#IO
GREY LINE,48.432,3,212,-1.104,-0.715,0,0,0,0,,4290.306,4289.818,1.#IO,1.#IO,-18.81,-58.112,1.#IO,1.#IO,12.634,12.607,1.#IO,1.#IO
GREY LINE,48.432,3,213,-1.103,-0.699,0,0,0,0,,4290.294,4289.811,1.#IO,1.#IO,-18.724,-58.022,1.#IO,1.#IO,12.634,12.608,1.#IO,1.#IO
GREY LINE,48.432,3,214,-1.103,-0.684,0,0,0,0,,4290.284,4289.791,1.#IO,1.#IO,-18.642,-57.944,1.#IO,1.#IO,12.635,12.608,1.#IO,1.#IO
GREY LINE,48.432,3,215,-1.104,-0.668,0,0,0,0,,4290.289,4289.893,1.#IO,1.#IO,-18.561,-57.869,1.#IO,1.#IO,12.636,12.608,1.#IO,1.#IO
GREY LINE,48.432,3,216,-1.107,-0.651,0,0,0,0,,4290.279,4289.879,1.#IO,1.#IO,-18.477,-57.784,1.#IO,1.#IO,12.637,12.608,1.#IO,1.#IO
GREY LINE,48.432,3,217,-1.104,-0.634,0,0,0,0,,4290.272,4289.838,1.#IO,1.#IO,-18.4,-57.709,1.#IO,1.#IO,12.637,12.608,1.#IO,1.#IO
GREY LINE,48.432,3,218,-1.103,-0.619,0,0,0,0,,4290.27,4289.819,1.#IO,1.#IO,-18.322,-57.586,1.#IO,1.#IO,12.637,12.608,1.#IO,1.#IO
GREY LINE,48.432,3,219,-1.108,-0.601,0,0,0,0,,4290.262,4289.813,1.#IO,1.#IO,-18.246,-57.512,1.#IO,1.#IO,12.638,12.608,1.#IO,1.#IO
GREY LINE,48.4322,3.1,220,-1.11,-0.582,0,0,0,0,,4290.349,4289.782,1.#IO,1.#IO,-18.186,-57.446,1.#IO,1.#IO,12.64,12.609,1.#IO,1.#IO
GREY LINE,48.4322,3.1,221,-1.109,-0.567,0,0,0,0,,4290.346,4289.767,1.#IO,1.#IO,-18.115,-57.379,1.#IO,1.#IO,12.641,12.609,1.#IO,1.#IO
GREY LINE,48.4322,3.1,222,-1.116,-0.551,0,0,0,0,,4290.342,4289.696,1.#IO,1.#IO,-18.046,-57.301,1.#IO,1.#IO,12.642,12.609,1.#IO,1.#IO
GREY LINE,48.4322,3.1,223,-1.119,-0.534,0,0,0,0,,4290.33,4289.669,1.#IO,1.#IO,-17.98,-57.237,1.#IO,1.#IO,12.644,12.609,1.#IO,1.#IO
GREY LINE,48.4322,3.1,224,-1.117,-0.517,0,0,0,0,,4290.329,4289.644,1.#IO,1.#IO,-17.913,-57.166,1.#IO,1.#IO,12.647,12.609,1.#IO,1.#IO
GREY LINE,48.4322,3.1,225,-1.114,-0.499,0,0,0,0,,4290.328,4289.635,1.#IO,1.#IO,-17.844,-57.107,1.#IO,1.#IO,12.647,12.609,1.#IO,1.#IO
GREY LINE,48.4322,3.1,226,-1.116,-0.482,0,0,0,0,,4290.309,4289.563,1.#IO,1.#IO,-17.78,-57.047,1.#IO,1.#IO,12.648,12.609,1.#IO,1.#IO
GREY LINE,48.4322,3.1,227,-1.117,-0.474,0,0,0,0,,4290.468,4289.509,1.#IO,1.#IO,-17.715,-56.987,1.#IO,1.#IO,12.648,12.609,1.#IO,1.#IO
GREY LINE,48.4322,3.1,228,-1.113,-0.467,0,0,0,0,,4290.479,4289.46,1.#IO,1.#IO,-17.645,-56.905,1.#IO,1.#IO,12.649,12.61,1.#IO,1.#IO
GREY LINE,48.4322,3.1,229,-1.113,-0.459,0,0,0,0,,4290.498,4289.443,1.#IO,1.#IO,-17.579,-56.862,1.#IO,1.#IO,12.65,12.61,1.#IO,1.#IO
GREY LINE,48.4324,3.2,230,-1.113,-0.451,0,0,0,0,,4290.497,4289.449,1.#IO,1.#IO,-17.515,-56.813,1.#IO,1.#IO,12.65,12.61,1.#IO,1.#IO
GREY LINE,48.4324,3.2,231,-1.113,-0.445,0,0,0,0,,4290.492,4289.426,1.#IO,1.#IO,-17.451,-56.747,1.#IO,1.#IO,12.651,12.61,1.#IO,1.#IO
GREY LINE,48.4324,3.2,232,-1.108,-0.437,0,0,0,0,,4290.465,4289.382,1.#IO,1.#IO,-17.384,-56.684,1.#IO,1.#IO,12.652,12.61,1.#IO,1.#IO
GREY LINE,48.4324,3.2,233,-1.109,-0.429,0,0,0,0,,4290.47,4289.387,1.#IO,1.#IO,-17.316,-56.623,1.#IO,1.#IO,12.652,12.61,1.#IO,1.#IO
GREY LINE,48.4324,3.2,234,-1.108,-0.42,0,0,0,0,,4290.463,4289.361,1.#IO,1.#IO,-17.251,-56.566,1.#IO,1.#IO,12.652,12.61,1.#IO,1.#IO
GREY LINE,48.4324,3.2,235,-1.108,-0.412,0,0,0,0,,4290.47,4289.31,1.#IO,1.#IO,-17.188,-56.506,1.#IO,1.#IO,12.652,12.61,1.#IO,1.#IO
GREY LINE,48.4324,3.2,236,-1.104,-0.403,0,0,0,0,,4290.461,4289.298,1.#IO,1.#IO,-17.125,-56.447,1.#IO,1.#IO,12.652,12.61,1.#IO,1.#IO
GREY LINE,48.4324,3.2,237,-1.098,-0.395,0,0,0,0,,4290.453,4289.285,1.#IO,1.#IO,-17.064,-56.385,1.#IO,1.#IO,12.652,12.61,1.#IO,1.#IO
GREY LINE,48.4324,3.2,238,-1.097,-0.386,0,0,0,0,,4290.456,4289.256,1.#IO,1.#IO,-17.004,-56.325,1.#IO,1.#IO,12.652,12.61,1.#IO,1.#IO
GREY LINE,48.4324,3.2,239,-1.092,-0.377,0,0,0,0,,4290.46,4289.234,1.#IO,1.#IO,-16.944,-56.266,1.#IO,1.#IO,12.652,12.61,1.#IO,1.#IO
GREY LINE,48.4326,3.3,240,-1.089,-0.367,0,0,0,0,,4290.537,4289.211,1.#IO,1.#IO,-16.872,-56.206,1.#IO,1.#IO,12.652,12.61,1.#IO,1.#IO
GREY LINE,48.4326,3.3,241,-1.079,-0.357,0,0,0,0,,4290.548,4289.171,1.#IO,1.#IO,-16.811,-56.146,1.#IO,1.#IO,12.652,12.611,1.#IO,1.#IO
GREY LINE,48.4326,3.3,242,-1.077,-0.347,0,0,0,0,,4290.556,4289.169,1.#IO,1.#IO,-16.749,-56.083,1.#IO,1.#IO,12.653,12.611,1.#IO,1.#IO
GREY LINE,48.4326,3.3,243,-1.075,-0.338,0,0,0,0,,4290.555,4289.123,1.#IO,1.#IO,-16.681,-56.021,1.#IO,1.#IO,12.653,12.611,1.#IO,1.#IO
GREY LINE,48.4326,3.3,244,-1.069,-0.329,0,0,0,0,,4290.565,4289.093,1.#IO,1.#IO,-16.611,-55.957,1.#IO,1.#IO,12.654,12.612,1.#IO,1.#IO
GREY LINE,48.4326,3.3,245,-1.062,-0.317,0,0,0,0,,4290.581,4289.097,1.#IO,1.#IO,-16.538,-55.887,1.#IO,1.#IO,12.653,12.612,1.#IO,1.#IO
GREY LINE,48.4326,3.3,246,-1.056,-0.309,0,0,0,0,,4290.578,4289.004,1.#IO,1.#IO,-16.468,-55.826,1.#IO,1.#IO,12.653,12.613,1.#IO,1.#IO
GREY LINE,48.4326,3.3,247,-1.048,-0.296,0,0,0,0,,4290.586,4288.987,1.#IO,1.#IO,-16.398,-55.759,1.#IO,1.#IO,12.652,12.612,1.#IO,1.#IO
GREY LINE,48.4326,3.3,248,-1.038,-0.287,0,0,0,0,,4290.514,4288.979,1.#IO,1.#IO,-16.316,-55.69,1.#IO,1.#IO,12.651,12.609,1.#IO,1.#IO
GREY LINE,48.4326,3.3,249,-1.031,-0.275,0,0,0,0,,4290.52,4288.864,1.#IO,1.#IO,-16.249,-55.605,1.#IO,1.#IO,12.651,12.608,1.#IO,1.#IO
GREY LINE,48.4328,3.4,250,-1.024,-0.264,0,0,0,0,,4290.519,4288.848,1.#IO,1.#IO,-16.177,-55.543,1.#IO,1.#IO,12.651,12.608,1.#IO,1.#IO
GREY LINE,48.4328,3.4,251,-1.014,-0.254,0,0,0,0,,4290.521,4288.938,1.#IO,1.#IO,-16.109,-55.493,1.#IO,1.#IO,12.651,12.608,1.#IO,1.#IO
GREY LINE,48.4328,3.4,252,-1.011,-0.245,0,0,0,0,,4290.566,4288.916,1.#IO,1.#IO,-16.05,-55.439,1.#IO,1.#IO,12.651,12.609,1.#IO,1.#IO
GREY LINE,48.4328,3.4,253,-1.011,-0.236,0,0,0,0,,4290.58,4288.906,1.#IO,1.#IO,-15.986,-55.376,1.#IO,1.#IO,12.652,12.609,1.#IO,1.#IO
GREY LINE,48.4328,3.4,254,-1.007,-0.225,0,0,0,0,,4290.581,4288.906,1.#IO,1.#IO,-15.917,-55.31,1.#IO,1.#IO,12.653,12.61,1.#IO,1.#IO
GREY LINE,48.4328,3.4,255,-1.006,-0.216,0,0,0,0,,4290.578,4288.822,1.#IO,1.#IO,-15.852,-55.255,1.#IO,1.#IO,12.654,12.61,1.#IO,1.#IO
GREY LINE,48.4328,3.4,256,-1.008,-0.204,0,0,0,0,,4290.575,4288.808,1.#IO,1.#IO,-15.784,-55.192,1.#IO,1.#IO,12.654,12.611,1.#IO,1.#IO
GREY LINE,48.4328,3.4,257,-1.008,-0.192,0,0,0,0,,4290.569,4288.789,1.#IO,1.#IO,-15.715,-55.127,1.#IO,1.#IO,12.655,12.611,1.#IO,1.#IO
GREY LINE,48.4328,3.4,258,-0.924,-0.181,0,0,0,0,,4290.569,4288.784,1.#IO,1.#IO,-15.648,-55.067,1.#IO,1.#IO,12.655,12.612,1.#IO,1.#IO
GREY LINE,48.4328,3.4,259,-0.839,-0.17,0,0,0,0,,4290.575,4288.701,1.#IO,1.#IO,-15.58,-54.989,1.#IO,1.#IO,12.656,12.613,1.#IO,1.#IO
GREY LINE,48.433,3.5,260,-0.757,-0.161,0,0,0,0,,4290.586,4288.689,1.#IO,1.#IO,-15.513,-54.927,1.#IO,1.#IO,12.657,12.614,1.#IO,1.#IO
GREY LINE,48.433,3.5,261,-0.673,-0.148,0,0,0,0,,4290.592,4288.684,1.#IO,1.#IO,-15.455,-54.871,1.#IO,1.#IO,12.657,12.615,1.#IO,1.#IO
GREY LINE,48.433,3.5,262,-0.588,-0.139,0,0,0,0,,4290.549,4288.627,1.#IO,1.#IO,-15.385,-54.801,1.#IO,1.#IO,12.657,12.615,1.#IO,1.#IO
GREY LINE,48.433,3.5,263,-0.51,-0.127,0,0,0,0,,4290.462,4288.624,1.#IO,1.#IO,-15.307,-54.748,1.#IO,1.#IO,12.658,12.616,1.#IO,1.#IO
GREY LINE,48.433,3.5,264,-0.427,-0.117,0,0,0,0,,4290.458,4288.611,1.#IO,1.#IO,-15.252,-54.699,1.#IO,1.#IO,12.658,12.616,1.#IO,1.#IO
GREY LINE,48.433,3.5,265,-0.342,-0.109,0,0,0,0,,4290.455,4288.601,1.#IO,1.#IO,-15.194,-54.644,1.#IO,1.#IO,12.659,12.617,1.#IO,1.#IO
GREY LINE,48.433,3.5,266,-0.259,-0.097,0,0,0,0,,4290.447,4288.591,1.#IO,1.#IO,-15.138,-54.593,1.#IO,1.#IO,12.659,12.618,1.#IO,1.#IO
GREY LINE,48.433,3.5,267,-0.179,-0.083,0,0,0,0,,4290.452,4288.578,1.#IO,1.#IO,-15.084,-54.548,1.#IO,1.#IO,12.66,12.619,1.#IO,1.#IO
GREY LINE,48.433,3.5,268,-0.091,-0.073,0,0,0,0,,4290.458,4288.577,1.#IO,1.#IO,-15.026,-54.493,1.#IO,1.#IO,12.661,12.62,1.#IO,1.#IO
GREY LINE,48.433,3.5,269,-0.013,-0.061,0,0,0,0,,4290.457,4288.568,1.#IO,1.#IO,-14.971,-54.444,1.#IO,1.#IO,12.661,12.621,1.#IO,1.#IO
GREY LINE,48.4332,3.6,270,0.072,-0.048,0,0,0,0,,4290.464,4288.549,1.#IO,1.#IO,-14.914,-54.395,1.#IO,1.#IO,12.662,12.621,1.#IO,1.#IO
GREY LINE,48.4332,3.6,271,0.15,-0.038,0,0,0,0,,4290.381,4288.52,1.#IO,1.#IO,-14.843,-54.337,1.#IO,1.#IO,12.662,12.622,1.#IO,1.#IO
GREY LINE,48.4332,3.6,272,0.229,-0.026,0,0,0,0,,4290.366,4288.506,1.#IO,1.#IO,-14.793,-54.287,1.#IO,1.#IO,12.663,12.623,1.#IO,1.#IO
GREY LINE,48.4332,3.6,273,0.311,-0.014,0,0,0,0,,4290.358,4288.529,1.#IO,1.#IO,-14.741,-54.252,1.#IO,1.#IO,12.663,12.623,1.#IO,1.#IO
GREY LINE,48.4332,3.6,274,0.39,0,0,0,0,0,,4290.374,4288.536,1.#IO,1.#IO,-14.688,-54.207,1.#IO,1.#IO,12.663,12.623,1.#IO,1.#IO
GREY LINE,48.4332,3.6,275,0.47,0.011,0,0,0,0,,4290.363,4288.525,1.#IO,1.#IO,-14.643,-54.163,1.#IO,1.#IO,12.663,12.622,1.#IO,1.#IO
GREY LINE,48.4332,3.6,276,0.542,0.024,0,0,0,0,,4290.372,4288.488,1.#IO,1.#IO,-14.596,-54.115,1.#IO,1.#IO,12.663,12.622,1.#IO,1.#IO
GREY LINE,48.4332,3.6,277,0.622,0.035,0,0,0,0,,4290.391,4288.497,1.#IO,1.#IO,-14.545,-54.067,1.#IO,1.#IO,12.663,12.622,1.#IO,1.#IO
GREY LINE,48.4332,3.6,278,0.691,0.047,0,0,0,0,,4290.336,4288.521,1.#IO,1.#IO,-14.499,-54.018,1.#IO,1.#IO,12.664,12.62,1.#IO,1.#IO
GREY LINE,48.4332,3.6,279,0.773,0.059,0,0,0,0,,4290.351,4288.468,1.#IO,1.#IO,-14.448,-53.984,1.#IO,1.#IO,12.664,12.619,1.#IO,1.#IO
GREY LINE,48.4334,3.6,280,0.846,0.073,0,0,0,0,,4290.35,4288.467,1.#IO,1.#IO,-14.395,-53.937,1.#IO,1.#IO,12.664,12.62,1.#IO,1.#IO
GREY LINE,48.4334,3.6,281,0.918,0.082,0,0,0,0,,4290.352,4288.457,1.#IO,1.#IO,-14.368,-53.879,1.#IO,1.#IO,12.665,12.621,1.#IO,1.#IO
GREY LINE,48.4334,3.6,282,0.989,0.095,0,0,0,0,,4290.37,4288.377,1.#IO,1.#IO,-14.311,-53.819,1.#IO,1.#IO,12.665,12.622,1.#IO,1.#IO
GREY LINE,48.4334,3.6,283,1.06,0.108,0,0,0,0,,4290.407,4288.377,1.#IO,1.#IO,-14.259,-53.79,1.#IO,1.#IO,12.666,12.622,1.#IO,1.#IO
GREY LINE,48.4334,3.6,284,1.131,0.117,0,0,0,0,,4290.408,4288.35,1.#IO,1.#IO,-14.209,-53.76,1.#IO,1.#IO,12.667,12.623,1.#IO,1.#IO
GREY LINE,48.4334,3.6,285,1.194,0.131,0,0,0,0,,4290.418,4288.346,1.#IO,1.#IO,-14.153,-53.727,1.#IO,1.#IO,12.667,12.623,1.#IO,1.#IO
GREY LINE,48.4334,3.6,286,1.264,0.142,0,0,0,0,,4290.409,4288.351,1.#IO,1.#IO,-14.096,-53.699,1.#IO,1.#IO,12.668,12.624,1.#IO,1.#IO
GREY LINE,48.4334,3.6,287,1.329,0.151,0,0,0,0,,4290.423,4288.336,1.#IO,1.#IO,-14.048,-53.668,1.#IO,1.#IO,12.668,12.624,1.#IO,1.#IO
GREY LINE,48.4334,3.6,288,1.385,0.166,0,0,0,0,,4290.44,4288.323,1.#IO,1.#IO,-13.99,-53.641,1.#IO,1.#IO,12.668,12.624,1.#IO,1.#IO
GREY LINE,48.4334,3.6,289,1.449,0.176,0,0,0,0,,4290.439,4288.32,1.#IO,1.#IO,-13.933,-53.616,1.#IO,1.#IO,12.668,12.624,1.#IO,1.#IO
GREY LINE,48.4336,3.7,290,1.507,0.184,0,0,0,0,,4290.447,4288.316,1.#IO,1.#IO,-13.88,-53.59,1.#IO,1.#IO,12.669,12.625,1.#IO,1.#IO
GREY LINE,48.4336,3.7,291,1.563,0.195,0,0,0,0,,4290.465,4288.314,1.#IO,1.#IO,-13.824,-53.564,1.#IO,1.#IO,12.669,12.625,1.#IO,1.#IO
GREY LINE,48.4336,3.7,292,1.62,0.204,0,0,0,0,,4290.463,4288.308,1.#IO,1.#IO,-13.767,-53.54,1.#IO,1.#IO,12.669,12.625,1.#IO,1.#IO
GREY LINE,48.4336,3.7,293,1.675,0.212,0,0,0,0,,4290.475,4288.282,1.#IO,1.#IO,-13.714,-53.515,1.#IO,1.#IO,12.67,12.626,1.#IO,1.#IO
GREY LINE,48.4336,3.7,294,1.727,0.223,0,0,0,0,,4290.496,4288.278,1.#IO,1.#IO,-13.664,-53.491,1.#IO,1.#IO,12.67,12.627,1.#IO,1.#IO
GREY LINE,48.4336,3.7,295,1.777,0.229,0,0,0,0,,4290.58,4288.268,1.#IO,1.#IO,-13.63,-53.467,1.#IO,1.#IO,12.67,12.628,1.#IO,1.#IO
GREY LINE,48.4336,3.7,296,1.821,0.238,0,0,0,0,,4290.574,4288.241,1.#IO,1.#IO,-13.583,-53.446,1.#IO,1.#IO,12.67,12.63,1.#IO,1.#IO
GREY LINE,48.4336,3.7,297,1.865,0.246,0,0,0,0,,4290.58,4288.232,1.#IO,1.#IO,-13.532,-53.424,1.#IO,1.#IO,12.67,12.632,1.#IO,1.#IO
GREY LINE,48.4336,3.7,298,1.906,0.252,0,0,0,0,,4290.566,4288.211,1.#IO,1.#IO,-13.488,-53.401,1.#IO,1.#IO,12.67,12.633,1.#IO,1.#IO
GREY LINE,48.4336,3.7,299,1.945,0.259,0,0,0,0,,4290.602,4288.193,1.#IO,1.#IO,-13.456,-53.383,1.#IO,1.#IO,12.674,12.633,1.#IO,1.#IO
GREY LINE,48.4338,3.8,300,1.979,0.265,0,0,0,0,,4290.618,4288.182,1.#IO,1.#IO,-13.407,-53.363,1.#IO,1.#IO,12.676,12.636,1.#IO,1.#IO
GREY LINE,48.4338,3.8,301,2.016,0.272,0,0,0,0,,4290.679,4288.155,1.#IO,1.#IO,-13.372,-53.342,1.#IO,1.#IO,12.679,12.638,1.#IO,1.#IO
GREY LINE,48.4338,3.8,302,1.986,0.28,0,0,0,0,,4290.703,4287.974,1.#IO,1.#IO,-13.328,-53.303,1.#IO,1.#IO,12.679,12.64,1.#IO,1.#IO
GREY LINE,48.4338,3.8,303,1.955,0.287,0,0,0,0,,4290.764,4287.956,1.#IO,1.#IO,-13.276,-53.279,1.#IO,1.#IO,12.68,12.641,1.#IO,1.#IO
GREY LINE,48.4338,3.8,304,1.924,0.294,0,0,0,0,,4290.766,4287.935,1.#IO,1.#IO,-13.237,-53.261,1.#IO,1.#IO,12.683,12.642,1.#IO,1.#IO
GREY LINE,48.4338,3.8,305,1.885,0.3,0,0,0,0,,4290.792,4287.902,1.#IO,1.#IO,-13.197,-53.25,1.#IO,1.#IO,12.686,12.644,1.#IO,1.#IO
GREY LINE,48.4338,3.8,306,1.848,0.307,0,0,0,0,,4290.815,4287.868,1.#IO,1.#IO,-13.155,-53.233,1.#IO,1.#IO,12.689,12.645,1.#IO,1.#IO
GREY LINE,48.4338,3.8,307,1.816,0.311,0,0,0,0,,4290.652,4287.839,1.#IO,1.#IO,-13.113,-53.216,1.#IO,1.#IO,12.692,12.647,1.#IO,1.#IO
GREY LINE,48.4338,3.8,308,1.779,0.315,0,0,0,0,,4290.664,1.#IO,1.#IO,1.#IO,-13.079,1.#IO,1.#IO,1.#IO,12.694,1.#IO,1.#IO,1.#IO
GREY LINE,48.4338,3.8,309,1.739,0.319,0,0,0,0,,4290.674,1.#IO,1.#IO,1.#IO,-13.045,1.#IO,1.#IO,1.#IO,12.694,1.#IO,1.#IO,1.#IO
GREY LINE,48.434,3.9,310,1.698,0.326,0,0,0,0,,4290.725,1.#IO,1.#IO,1.#IO,-13.024,1.#IO,1.#IO,1.#IO,12.695,1.#IO,1.#IO,1.#IO
GREY LINE,48.434,3.9,311,1.66,0.328,0,0,0,0,,4290.747,1.#IO,1.#IO,1.#IO,-12.995,1.#IO,1.#IO,1.#IO,12.697,1.#IO,1.#IO,1.#IO
GREY LINE,48.434,3.9,312,1.617,0.333,0,0,0,0,,4290.755,1.#IO,1.#IO,1.#IO,-12.959,1.#IO,1.#IO,1.#IO,12.697,1.#IO,1.#IO,1.#IO
GREY LINE,48.434,3.9,313,1.578,0.339,0,0,0,0,,4290.78,1.#IO,1.#IO,1.#IO,-12.932,1.#IO,1.#IO,1.#IO,12.697,1.#IO,1.#IO,1.#IO
GREY LINE,48.434,3.9,314,1.535,0.341,0,0,0,0,,4290.801,1.#IO,1.#IO,1.#IO,-12.901,1.#IO,1.#IO,1.#IO,12.7,1.#IO,1.#IO,1.#IO
GREY LINE,48.434,3.9,315,1.492,0.347,0,0,0,0,,4290.818,1.#IO,1.#IO,1.#IO,-12.869,1.#IO,1.#IO,1.#IO,12.701,1.#IO,1.#IO,1.#IO
GREY LINE,48.434,3.9,316,1.453,0.349,0,0,0,0,,4290.829,1.#IO,1.#IO,1.#IO,-12.841,1.#IO,1.#IO,1.#IO,12.703,1.#IO,1.#IO,1.#IO
GREY LINE,48.434,3.9,317,1.415,0.351,0,0,0,0,,4290.859,1.#IO,1.#IO,1.#IO,-12.807,1.#IO,1.#IO,1.#IO,12.705,1.#IO,1.#IO,1.#IO
GREY LINE,48.434,3.9,318,1.367,0.356,0,0,0,0,,4290.884,1.#IO,1.#IO,1.#IO,-12.77,1.#IO,1.#IO,1.#IO,12.707,1.#IO,1.#IO,1.#IO
GREY LINE,48.434,3.9,319,1.329,0.357,0,0,0,0,,4290.904,1.#IO,1.#IO,1.#IO,-12.735,1.#IO,1.#IO,1.#IO,12.709,1.#IO,1.#IO,1.#IO
GREY LINE,48.4342,4,320,1.283,0.357,0,0,0,0,,4290.95,1.#IO,1.#IO,1.#IO,-12.702,1.#IO,1.#IO,1.#IO,12.712,1.#IO,1.#IO,1.#IO
GREY LINE,48.4342,4,321,1.245,0.361,0,0,0,0,,4290.976,1.#IO,1.#IO,1.#IO,-12.666,1.#IO,1.#IO,1.#IO,12.714,1.#IO,1.#IO,1.#IO
GREY LINE,48.4342,4,322,1.206,0.36,0,0,0,0,,4291.03,1.#IO,1.#IO,1.#IO,-12.628,1.#IO,1.#IO,1.#IO,12.717,1.#IO,1.#IO,1.#IO
GREY LINE,48.4342,4,323,1.173,0.362,0,0,0,0,,4291.071,1.#IO,1.#IO,1.#IO,-12.577,1.#IO,1.#IO,1.#IO,12.717,1.#IO,1.#IO,1.#IO
GREY LINE,48.4342,4,324,1.138,0.366,0,0,0,0,,4291.1,1.#IO,1.#IO,1.#IO,-12.546,1.#IO,1.#IO,1.#IO,12.718,1.#IO,1.#IO,1.#IO
GREY LINE,48.4342,4,325,1.101,0.362,0,0,0,0,,4291.137,1.#IO,1.#IO,1.#IO,-12.514,1.#IO,1.#IO,1.#IO,12.721,1.#IO,1.#IO,1.#IO
GREY LINE,48.4342,4,326,1.061,0.365,0,0,0,0,,4291.171,1.#IO,1.#IO,1.#IO,-12.475,1.#IO,1.#IO,1.#IO,12.723,1.#IO,1.#IO,1.#IO
GREY LINE,48.4342,4,327,1.018,0.368,0,0,0,0,,4291.195,1.#IO,1.#IO,1.#IO,-12.439,1.#IO,1.#IO,1.#IO,12.725,1.#IO,1.#IO,1.#IO
GREY LINE,48.4342,4,328,0.977,0.367,0,0,0,0,,4291.25,1.#IO,1.#IO,1.#IO,-12.403,1.#IO,1.#IO,1.#IO,12.725,1.#IO,1.#IO,1.#IO
GREY LINE,48.4342,4,329,0.94,0.367,0,0,0,0,,4291.352,1.#IO,1.#IO,1.#IO,-12.371,1.#IO,1.#IO,1.#IO,12.725,1.#IO,1.#IO,1.#IO
GREY LINE,48.4344,4,330,0.907,0.368,0,0,0,0,,4291.354,1.#IO,1.#IO,1.#IO,-12.352,1.#IO,1.#IO,1.#IO,12.724,1.#IO,1.#IO,1.#IO
GREY LINE,48.4344,4,331,0.869,0.368,0,0,0,0,,4291.359,1.#IO,1.#IO,1.#IO,-12.333,1.#IO,1.#IO,1.#IO,12.724,1.#IO,1.#IO,1.#IO
GREY LINE,48.4344,4,332,0.833,0.368,0,0,0,0,,4291.38,1.#IO,1.#IO,1.#IO,-12.289,1.#IO,1.#IO,1.#IO,12.724,1.#IO,1.#IO,1.#IO
GREY LINE,48.4344,4,333,0.802,0.368,0,0,0,0,,4291.388,1.#IO,1.#IO,1.#IO,-12.274,1.#IO,1.#IO,1.#IO,12.724,1.#IO,1.#IO,1.#IO
GREY LINE,48.4344,4,334,0.761,0.367,0,0,0,0,,4291.4,1.#IO,1.#IO,1.#IO,-12.259,1.#IO,1.#IO,1.#IO,12.725,1.#IO,1.#IO,1.#IO
GREY LINE,48.4344,4,335,0.724,0.367,0,0,0,0,,4291.417,1.#IO,1.#IO,1.#IO,-12.242,1.#IO,1.#IO,1.#IO,12.726,1.#IO,1.#IO,1.#IO
GREY LINE,48.4344,4,336,0.685,0.365,0,0,0,0,,4291.432,1.#IO,1.#IO,1.#IO,-12.231,1.#IO,1.#IO,1.#IO,12.726,1.#IO,1.#IO,1.#IO
GREY LINE,48.4344,4,337,0.641,0.364,0,0,0,0,,4291.457,1.#IO,1.#IO,1.#IO,-12.221,1.#IO,1.#IO,1.#IO,12.726,1.#IO,1.#IO,1.#IO
GREY LINE,48.4344,4,338,0.599,0.362,0,0,0,0,,4291.466,1.#IO,1.#IO,1.#IO,-12.204,1.#IO,1.#IO,1.#IO,12.725,1.#IO,1.#IO,1.#IO
GREY LINE,48.4344,4,339,0.553,0.361,0,0,0,0,,4291.475,1.#IO,1.#IO,1.#IO,-12.198,1.#IO,1.#IO,1.#IO,12.725,1.#IO,1.#IO,1.#IO
GREY LINE,48.4346,4.1,340,0.51,0.361,0,0,0,0,,4291.502,1.#IO,1.#IO,1.#IO,-12.191,1.#IO,1.#IO,1.#IO,12.726,1.#IO,1.#IO,1.#IO
GREY LINE,48.4346,4.1,341,0.472,0.357,0,0,0,0,,4291.521,1.#IO,1.#IO,1.#IO,-12.183,1.#IO,1.#IO,1.#IO,12.726,1.#IO,1.#IO,1.#IO
GREY LINE,48.4346,4.1,342,0.431,0.357,0,0,0,0,,4291.528,1.#IO,1.#IO,1.#IO,-12.179,1.#IO,1.#IO,1.#IO,12.727,1.#IO,1.#IO,1.#IO
GREY LINE,48.4346,4.1,343,0.388,0.356,0,0,0,0,,4291.545,1.#IO,1.#IO,1.#IO,-12.176,1.#IO,1.#IO,1.#IO,12.727,1.#IO,1.#IO,1.#IO
GREY LINE,48.4346,4.1,344,0.353,0.353,0,0,0,0,,4291.554,1.#IO,1.#IO,1.#IO,-12.17,1.#IO,1.#IO,1.#IO,12.727,1.#IO,1.#IO,1.#IO
GREY LINE,48.4346,4.1,345,0.314,0.351,0,0,0,0,,4291.56,1.#IO,1.#IO,1.#IO,-12.164,1.#IO,1.#IO,1.#IO,12.728,1.#IO,1.#IO,1.#IO
GREY LINE,48.4346,4.1,346,0.271,0.349,0,0,0,0,,4291.469,1.#IO,1.#IO,1.#IO,-12.136,1.#IO,1.#IO,1.#IO,12.726,1.#IO,1.#IO,1.#IO
GREY LINE,48.4346,4.1,347,0.224,0.348,0,0,0,0,,4291.507,1.#IO,1.#IO,1.#IO,-12.128,1.#IO,1.#IO,1.#IO,12.726,1.#IO,1.#IO,1.#IO
GREY LINE,48.4346,4.1,348,0.18,0.347,0,0,0,0,,4291.534,1.#IO,1.#IO,1.#IO,-12.127,1.#IO,1.#IO,1.#IO,12.727,1.#IO,1.#IO,1.#IO
GREY LINE,48.4346,4.1,349,0.132,0.342,0,0,0,0,,4291.594,1.#IO,1.#IO,1.#IO,-12.114,1.#IO,1.#IO,1.#IO,12.727,1.#IO,1.#IO,1.#IO
GREY LINE,48.4348,4.2,350,0.085,0.339,0,0,0,0,,4291.579,1.#IO,1.#IO,1.#IO,-12.089,1.#IO,1.#IO,1.#IO,12.728,1.#IO,1.#IO,1.#IO
GREY LINE,48.4348,4.2,351,0.028,0.334,0,0,0,0,,4291.585,1.#IO,1.#IO,1.#IO,-12.087,1.#IO,1.#IO,1.#IO,12.728,1.#IO,1.#IO,1.#IO
GREY LINE,48.4348,4.2,352,-0.029,0.331,0,0,0,0,,4291.527,4289.322,1.#IO,1.#IO,-12.071,-51.494,1.#IO,1.#IO,12.729,12.654,1.#IO,1.#IO
GREY LINE,48.4348,4.2,353,-0.09,0.326,0,0,0,0,,4291.532,4289.328,1.#IO,1.#IO,-12.073,-51.467,1.#IO,1.#IO,12.73,12.651,1.#IO,1.#IO
GREY LINE,48.4348,4.2,354,-0.152,0.319,0,0,0,0,,4291.377,4289.333,1.#IO,1.#IO,-12.075,-51.442,1.#IO,1.#IO,12.731,12.65,1.#IO,1.#IO
GREY LINE,48.4348,4.2,355,-0.22,0.315,0,0,0,0,,4289.354,1.#IO,1.#IO,1.#IO,-51.415,1.#IO,1.#IO,1.#IO,12.651,1.#IO,1.#IO,1.#IO
GREY LINE,48.4348,4.2,356,-0.284,0.309,0,0,0,0,,4289.362,1.#IO,1.#IO,1.#IO,-51.384,1.#IO,1.#IO,1.#IO,12.651,1.#IO,1.#IO,1.#IO
GREY LINE,48.4348,4.2,357,-0.358,0.303,0,0,0,0,,4289.373,1.#IO,1.#IO,1.#IO,-51.355,1.#IO,1.#IO,1.#IO,12.651,1.#IO,1.#IO,1.#IO
GREY LINE,48.4348,4.2,358,-0.337,0.296,0,0,0,0,,4289.384,1.#IO,1.#IO,1.#IO,-51.333,1.#IO,1.#IO,1.#IO,12.652,1.#IO,1.#IO,1.#IO
GREY LINE,48.4348,4.2,359,-0.33,0.289,0,0,0,0,,4289.392,1.#IO,1.#IO,1.#IO,-51.307,1.#IO,1.#IO,1.#IO,12.65,1.#IO,1.#IO,1.#IO
GREY LINE,48.435,4.2,360,-0.313,0.281,0,0,0,0,,4289.39,1.#IO,1.#IO,1.#IO,-51.281,1.#IO,1.#IO,1.#IO,12.649,1.#IO,1.#IO,1.#IO
GREY LINE,48.435,4.2,361,-0.298,0.276,0,0,0,0,,4289.401,1.#IO,1.#IO,1.#IO,-51.257,1.#IO,1.#IO,1.#IO,12.65,1.#IO,1.#IO,1.#IO
GREY LINE,48.435,4.2,362,-0.277,0.266,0,0,0,0,,4289.423,1.#IO,1.#IO,1.#IO,-51.233,1.#IO,1.#IO,1.#IO,12.65,1.#IO,1.#IO,1.#IO
GREY LINE,48.435,4.2,363,-0.26,0.26,0,0,0,0,,4289.438,1.#IO,1.#IO,1.#IO,-51.21,1.#IO,1.#IO,1.#IO,12.651,1.#IO,1.#IO,1.#IO
GREY LINE,48.435,4.2,364,-0.246,0.25,0,0,0,0,,4289.463,1.#IO,1.#IO,1.#IO,-51.19,1.#IO,1.#IO,1.#IO,12.652,1.#IO,1.#IO,1.#IO
GREY LINE,48.435,4.2,365,-0.228,0.242,0,0,0,0,,4289.504,1.#IO,1.#IO,1.#IO,-51.166,1.#IO,1.#IO,1.#IO,12.652,1.#IO,1.#IO,1.#IO
GREY LINE,48.435,4.2,366,-0.214,0.234,0,0,0,0,,4289.53,1.#IO,1.#IO,1.#IO,-51.143,1.#IO,1.#IO,1.#IO,12.652,1.#IO,1.#IO,1.#IO
GREY LINE,48.435,4.2,367,-0.203,0.227,0,0,0,0,,4289.53,1.#IO,1.#IO,1.#IO,-51.123,1.#IO,1.#IO,1.#IO,12.653,1.#IO,1.#IO,1.#IO
GREY LINE,48.435,4.2,368,-0.187,0.216,0,0,0,0,,4289.493,1.#IO,1.#IO,1.#IO,-51.121,1.#IO,1.#IO,1.#IO,12.653,1.#IO,1.#IO,1.#IO
GREY LINE,48.435,4.2,369,-0.172,0.21,0,0,0,0,,4289.577,1.#IO,1.#IO,1.#IO,-51.112,1.#IO,1.#IO,1.#IO,12.653,1.#IO,1.#IO,1.#IO
GREY LINE,48.4352,4.3,370,-0.157,0.199,0,0,0,0,,4289.696,1.#IO,1.#IO,1.#IO,-51.1,1.#IO,1.#IO,1.#IO,12.654,1.#IO,1.#IO,1.#IO
GREY LINE,48.4352,4.3,371,-0.142,0.191,0,0,0,0,,4289.741,1.#IO,1.#IO,1.#IO,-51.082,1.#IO,1.#IO,1.#IO,12.654,1.#IO,1.#IO,1.#IO
GREY LINE,48.4352,4.3,372,-0.126,0.18,0,0,0,0,,4289.869,1.#IO,1.#IO,1.#IO,-51.078,1.#IO,1.#IO,1.#IO,12.654,1.#IO,1.#IO,1.#IO
GREY LINE,48.4352,4.3,373,-0.115,0.171,0,0,0,0,,4289.952,1.#IO,1.#IO,1.#IO,-51.067,1.#IO,1.#IO,1.#IO,12.655,1.#IO,1.#IO,1.#IO
GREY LINE,48.4352,4.3,374,-0.098,0.159,0,0,0,0,,4289.933,1.#IO,1.#IO,1.#IO,-51.019,1.#IO,1.#IO,1.#IO,12.655,1.#IO,1.#IO,1.#IO
GREY LINE,48.4352,4.3,375,-0.08,0.149,0,0,0,0,,4289.951,1.#IO,1.#IO,1.#IO,-50.97,1.#IO,1.#IO,1.#IO,12.655,1.#IO,1.#IO,1.#IO
GREY LINE,48.4352,4.3,376,-0.062,0.14,0,0,0,0,,4289.908,1.#IO,1.#IO,1.#IO,-50.915,1.#IO,1.#IO,1.#IO,12.655,1.#IO,1.#IO,1.#IO
GREY LINE,48.4352,4.3,377,-0.038,0.129,0,0,0,0,,4289.832,1.#IO,1.#IO,1.#IO,-50.868,1.#IO,1.#IO,1.#IO,12.654,1.#IO,1.#IO,1.#IO
GREY LINE,48.4352,4.3,378,-0.013,0.121,0,0,0,0,,4289.986,1.#IO,1.#IO,1.#IO,-50.823,1.#IO,1.#IO,1.#IO,12.654,1.#IO,1.#IO,1.#IO
GREY LINE,48.4352,4.3,379,0.01,0.108,0,0,0,0,,4290.126,1.#IO,1.#IO,1.#IO,-50.775,1.#IO,1.#IO,1.#IO,12.653,1.#IO,1.#IO,1.#IO
GREY LINE,48.4354,4.4,380,0.036,0.098,0,0,0,0,,4290.232,1.#IO,1.#IO,1.#IO,-50.709,1.#IO,1.#IO,1.#IO,12.653,1.#IO,1.#IO,1.#IO
GREY LINE,48.4354,4.4,381,0.056,0.088,0,0,0,0,,4290.306,1.#IO,1.#IO,1.#IO,-50.635,1.#IO,1.#IO,1.#IO,12.652,1.#IO,1.#IO,1.#IO
GREY LINE,48.4354,4.4,382,0.074,0.077,0,0,0,0,,4290.387,1.#IO,1.#IO,1.#IO,-50.558,1.#IO,1.#IO,1.#IO,12.651,1.#IO,1.#IO,1.#IO
GREY LINE,48.4354,4.4,383,0.096,0.065,0,0,0,0,,4290.416,1.#IO,1.#IO,1.#IO,-50.518,1.#IO,1.#IO,1.#IO,12.65,1.#IO,1.#IO,1.#IO
GREY LINE,48.4354,4.4,384,0.115,0.052,0,0,0,0,,4290.353,1.#IO,1.#IO,1.#IO,-50.466,1.#IO,1.#IO,1.#IO,12.649,1.#IO,1.#IO,1.#IO
GREY LINE,48.4354,4.4,385,0.134,0.042,0,0,0,0,,4290.441,1.#IO,1.#IO,1.#IO,-50.432,1.#IO,1.#IO,1.#IO,12.648,1.#IO,1.#IO,1.#IO
GREY LINE,48.4354,4.4,386,0.152,0.029,0,0,0,0,,4290.483,1.#IO,1.#IO,1.#IO,-50.388,1.#IO,1.#IO,1.#IO,12.647,1.#IO,1.#IO,1.#IO
GREY LINE,48.4354,4.4,387,0.176,0.019,0,0,0,0,,4290.389,1.#IO,1.#IO,1.#IO,-50.332,1.#IO,1.#IO,1.#IO,12.646,1.#IO,1.#IO,1.#IO
GREY LINE,48.4354,4.4,388,0.2,0.006,0,0,0,0,,4290.408,1.#IO,1.#IO,1.#IO,-50.287,1.#IO,1.#IO,1.#IO,12.645,1.#IO,1.#IO,1.#IO
GREY LINE,48.4354,4.4,389,0.227,-0.005,0,0,0,0,,4290.379,1.#IO,1.#IO,1.#IO,-50.227,1.#IO,1.#IO,1.#IO,12.644,1.#IO,1.#IO,1.#IO
GREY LINE,48.4356,4.5,390,0.252,-0.02,0,0,0,0,,4290.504,1.#IO,1.#IO,1.#IO,-50.178,1.#IO,1.#IO,1.#IO,12.643,1.#IO,1.#IO,1.#IO
GREY LINE,48.4356,4.5,391,0.277,-0.03,0,0,0,0,,4290.602,1.#IO,1.#IO,1.#IO,-50.103,1.#IO,1.#IO,1.#IO,12.642,1.#IO,1.#IO,1.#IO
GREY LINE,48.4356,4.5,392,0.302,-0.042,0,0,0,0,,4290.757,1.#IO,1.#IO,1.#IO,-50.035,1.#IO,1.#IO,1.#IO,12.641,1.#IO,1.#IO,1.#IO
GREY LINE,48.4356,4.5,393,0.32,-0.056,0,0,0,0,,4290.784,1.#IO,1.#IO,1.#IO,-49.96,1.#IO,1.#IO,1.#IO,12.639,1.#IO,1.#IO,1.#IO
GREY LINE,48.4356,4.5,394,0.342,-0.068,0,0,0,0,,4290.938,1.#IO,1.#IO,1.#IO,-49.901,1.#IO,1.#IO,1.#IO,12.638,1.#IO,1.#IO,1.#IO
GREY LINE,48.4356,4.5,395,0.356,-0.08,0,0,0,0,,4290.896,1.#IO,1.#IO,1.#IO,-49.842,1.#IO,1.#IO,1.#IO,12.637,1.#IO,1.#IO,1.#IO
GREY LINE,48.4356,4.5,396,0.373,-0.092,0,0,0,0,,4290.888,1.#IO,1.#IO,1.#IO,-49.797,1.#IO,1.#IO,1.#IO,12.635,1.#IO,1.#IO,1.#IO
GREY LINE,48.4356,4.5,397,0.391,-0.105,0,0,0,0,,4290.928,1.#IO,1.#IO,1.#IO,-49.756,1.#IO,1.#IO,1.#IO,12.634,1.#IO,1.#IO,1.#IO
GREY LINE,48.4356,4.5,398,0.409,-0.114,0,0,0,0,,4290.953,1.#IO,1.#IO,1.#IO,-49.716,1.#IO,1.#IO,1.#IO,12.633,1.#IO,1.#IO,1.#IO
GREY LINE,48.4356,4.5,399,0.43,-0.128,0,0,0,0,,4293.881,4290.979,1.#IO,1.#IO,-10.062,-49.674,1.#IO,1.#IO,12.745,12.632,1.#IO,1.#IO
GREY LINE,48.4358,4.5,400,0.451,-0.14,0,0,0,0,,4294.064,4290.887,1.#IO,1.#IO,-10.068,-49.615,1.#IO,1.#IO,12.746,12.63,1.#IO,1.#IO
GREY LINE,48.4358,4.5,401,0.475,-0.153,0,0,0,0,,4294.22,4290.922,1.#IO,1.#IO,-10.07,-49.573,1.#IO,1.#IO,12.746,12.629,1.#IO,1.#IO
GREY LINE,48.4358,4.5,402,0.434,-0.166,0,0,0,0,,4294.341,4290.945,1.#IO,1.#IO,-10.063,-49.533,1.#IO,1.#IO,12.746,12.628,1.#IO,1.#IO
GREY LINE,48.4358,4.5,403,0.392,-0.177,0,0,0,0,,4294.282,4290.964,1.#IO,1.#IO,-10.027,-49.493,1.#IO,1.#IO,12.746,12.627,1.#IO,1.#IO
GREY LINE,48.4358,4.5,404,0.347,-0.191,0,0,0,0,,4294.217,4290.991,1.#IO,1.#IO,-9.993,-49.457,1.#IO,1.#IO,12.746,12.626,1.#IO,1.#IO
GREY LINE,48.4358,4.5,405,0.301,-0.205,0,0,0,0,,4294.147,4291.011,1.#IO,1.#IO,-9.956,-49.416,1.#IO,1.#IO,12.746,12.625,1.#IO,1.#IO
GREY LINE,48.4358,4.5,406,0.254,-0.219,0,0,0,0,,4294.107,4291.02,1.#IO,1.#IO,-9.922,-49.379,1.#IO,1.#IO,12.746,12.624,1.#IO,1.#IO
GREY LINE,48.4358,4.5,407,0.21,-0.232,0,0,0,0,,4294.05,4291.029,1.#IO,1.#IO,-9.889,-49.345,1.#IO,1.#IO,12.747,12.624,1.#IO,1.#IO
GREY LINE,48.4358,4.5,408,0.166,-0.243,0,0,0,0,,4294.003,4291.042,1.#IO,1.#IO,-9.858,-49.308,1.#IO,1.#IO,12.747,12.623,1.#IO,1.#IO
GREY LINE,48.4358,4.5,409,0.121,-0.258,0,0,0,0,,4293.947,4291.037,1.#IO,1.#IO,-9.83,-49.293,1.#IO,1.#IO,12.748,12.623,1.#IO,1.#IO
GREY LINE,48.436,4.6,410,0.073,-0.269,0,0,0,0,,4293.895,4291.042,1.#IO,1.#IO,-9.8,-49.256,1.#IO,1.#IO,12.747,12.624,1.#IO,1.#IO
GREY LINE,48.436,4.6,411,0.028,-0.28,0,0,0,0,,4293.833,4291.061,1.#IO,1.#IO,-9.767,-49.219,1.#IO,1.#IO,12.746,12.624,1.#IO,1.#IO
GREY LINE,48.436,4.6,412,-0.019,-0.292,0,0,0,0,,4293.781,4291.07,1.#IO,1.#IO,-9.733,-49.182,1.#IO,1.#IO,12.745,12.624,1.#IO,1.#IO
GREY LINE,48.436,4.6,413,-0.074,-0.306,0,0,0,0,,4293.727,4291.073,1.#IO,1.#IO,-9.7,-49.145,1.#IO,1.#IO,12.744,12.623,1.#IO,1.#IO
GREY LINE,48.436,4.6,414,-0.12,-0.319,0,0,0,0,,4293.671,4291.073,1.#IO,1.#IO,-9.667,-49.104,1.#IO,1.#IO,12.743,12.623,1.#IO,1.#IO
GREY LINE,48.436,4.6,415,-0.167,-0.33,0,0,0,0,,4293.616,4291.067,1.#IO,1.#IO,-9.632,-49.061,1.#IO,1.#IO,12.743,12.623,1.#IO,1.#IO
GREY LINE,48.436,4.6,416,-0.218,-0.342,0,0,0,0,,4293.563,4290.866,1.#IO,1.#IO,-9.595,-49.019,1.#IO,1.#IO,12.743,12.623,1.#IO,1.#IO
GREY LINE,48.436,4.6,417,-0.264,-0.356,0,0,0,0,,4293.516,4290.855,1.#IO,1.#IO,-9.557,-48.974,1.#IO,1.#IO,12.742,12.622,1.#IO,1.#IO
GREY LINE,48.436,4.6,418,-0.312,-0.37,0,0,0,0,,4293.463,4290.864,1.#IO,1.#IO,-9.521,-48.928,1.#IO,1.#IO,12.743,12.622,1.#IO,1.#IO
GREY LINE,48.436,4.6,419,-0.359,-0.383,0,0,0,0,,4293.416,4290.904,1.#IO,1.#IO,-9.484,-48.866,1.#IO,1.#IO,12.743,12.622,1.#IO,1.#IO
GREY LINE,48.4362,4.6,420,-0.402,-0.398,0,0,0,0,,4293.368,4290.844,1.#IO,1.#IO,-9.45,-48.811,1.#IO,1.#IO,12.743,12.621,1.#IO,1.#IO
GREY LINE,48.4362,4.6,421,-0.444,-0.41,0,0,0,0,,4293.332,4290.762,1.#IO,1.#IO,-9.418,-48.786,1.#IO,1.#IO,12.74,12.621,1.#IO,1.#IO
GREY LINE,48.4362,4.6,422,-0.481,-0.423,0,0,0,0,,4293.291,4290.73,1.#IO,1.#IO,-9.386,-48.776,1.#IO,1.#IO,12.739,12.621,1.#IO,1.#IO
GREY LINE,48.4362,4.6,423,-0.523,-0.435,0,0,0,0,,4293.252,4290.603,1.#IO,1.#IO,-9.357,-48.72,1.#IO,1.#IO,12.738,12.62,1.#IO,1.#IO
GREY LINE,48.4362,4.6,424,-0.558,-0.449,0,0,0,0,,4293.209,4290.618,1.#IO,1.#IO,-9.331,-48.686,1.#IO,1.#IO,12.735,12.619,1.#IO,1.#IO
GREY LINE,48.4362,4.6,425,-0.598,-0.463,0,0,0,0,,4293.27,4290.752,1.#IO,1.#IO,-9.282,-48.694,1.#IO,1.#IO,12.731,12.619,1.#IO,1.#IO
GREY LINE,48.4362,4.6,426,-0.646,-0.474,0,0,0,0,,4293.355,4290.742,1.#IO,1.#IO,-9.224,-48.681,1.#IO,1.#IO,12.73,12.618,1.#IO,1.#IO
GREY LINE,48.4362,4.6,427,-0.69,-0.49,0,0,0,0,,4293.395,4290.771,1.#IO,1.#IO,-9.157,-48.676,1.#IO,1.#IO,12.73,12.618,1.#IO,1.#IO
GREY LINE,48.4362,4.6,428,-0.732,-0.504,0,0,0,0,,4293.262,4290.851,1.#IO,1.#IO,-9.123,-48.668,1.#IO,1.#IO,12.73,12.617,1.#IO,1.#IO
GREY LINE,48.4362,4.6,429,-0.775,-0.52,0,0,0,0,,4293.145,4290.708,1.#IO,1.#IO,-9.087,-48.638,1.#IO,1.#IO,12.729,12.617,1.#IO,1.#IO
GREY LINE,48.4364,4.7,430,-0.811,-0.537,0,0,0,0,,4293.124,4290.602,1.#IO,1.#IO,-9.066,-48.611,1.#IO,1.#IO,12.728,12.616,1.#IO,1.#IO
GREY LINE,48.4364,4.7,431,-0.842,-0.552,0,0,0,0,,4293.078,4290.513,1.#IO,1.#IO,-9.051,-48.601,1.#IO,1.#IO,12.728,12.616,1.#IO,1.#IO
GREY LINE,48.4364,4.7,432,-0.881,-0.568,0,0,0,0,,4293.135,4290.459,1.#IO,1.#IO,-9.018,-48.597,1.#IO,1.#IO,12.728,12.616,1.#IO,1.#IO
GREY LINE,48.4364,4.7,433,-0.918,-0.57,0,0,0,0,,4293.217,4290.377,1.#IO,1.#IO,-8.985,-48.59,1.#IO,1.#IO,12.726,12.616,1.#IO,1.#IO
GREY LINE,48.4364,4.7,434,-0.95,-0.572,0,0,0,0,,4293.314,4290.343,1.#IO,1.#IO,-8.95,-48.549,1.#IO,1.#IO,12.727,12.615,1.#IO,1.#IO
GREY LINE,48.4364,4.7,435,-0.991,-0.575,0,0,0,0,,4293.272,4290.409,1.#IO,1.#IO,-8.908,-48.52,1.#IO,1.#IO,12.727,12.615,1.#IO,1.#IO
GREY LINE,48.4364,4.7,436,-1.02,-0.578,0,0,0,0,,4293.241,4290.321,1.#IO,1.#IO,-8.873,-48.472,1.#IO,1.#IO,12.728,12.617,1.#IO,1.#IO
GREY LINE,48.4364,4.7,437,-1.059,-0.577,0,0,0,0,,4293.192,4290.285,1.#IO,1.#IO,-8.814,-48.438,1.#IO,1.#IO,12.728,12.618,1.#IO,1.#IO
GREY LINE,48.4364,4.7,438,-1.093,-0.58,0,0,0,0,,4293.178,4290.401,1.#IO,1.#IO,-8.78,-48.437,1.#IO,1.#IO,12.728,12.618,1.#IO,1.#IO
GREY LINE,48.4364,4.7,439,-1.127,-0.579,0,0,0,0,,4293.152,4290.378,1.#IO,1.#IO,-8.739,-48.401,1.#IO,1.#IO,12.728,12.618,1.#IO,1.#IO
GREY LINE,48.4366,4.8,440,-1.159,-0.58,0,0,0,0,,4293.169,4290.408,1.#IO,1.#IO,-8.689,-48.383,1.#IO,1.#IO,12.728,12.618,1.#IO,1.#IO
GREY LINE,48.4366,4.8,441,-1.187,-0.58,0,0,0,0,,4293.082,4290.285,1.#IO,1.#IO,-8.644,-48.333,1.#IO,1.#IO,12.727,12.617,1.#IO,1.#IO
GREY LINE,48.4366,4.8,442,-1.212,-0.58,0,0,0,0,,4292.868,4290.182,1.#IO,1.#IO,-8.586,-48.328,1.#IO,1.#IO,12.727,12.617,1.#IO,1.#IO
GREY LINE,48.4366,4.8,443,-1.233,-0.58,0,0,0,0,,4292.713,4290.037,1.#IO,1.#IO,-8.533,-48.319,1.#IO,1.#IO,12.726,12.617,1.#IO,1.#IO
GREY LINE,48.4366,4.8,444,-1.248,-0.581,0,0,0,0,,4292.558,4290.007,1.#IO,1.#IO,-8.475,-48.319,1.#IO,1.#IO,12.726,12.616,1.#IO,1.#IO
GREY LINE,48.4366,4.8,445,-1.266,-0.581,0,0,0,0,,4292.421,4289.844,1.#IO,1.#IO,-8.413,-48.303,1.#IO,1.#IO,12.725,12.616,1.#IO,1.#IO
GREY LINE,48.4366,4.8,446,-1.277,-0.58,0,0,0,0,,4292.21,4289.885,1.#IO,1.#IO,-8.356,-48.285,1.#IO,1.#IO,12.725,12.616,1.#IO,1.#IO
GREY LINE,48.4366,4.8,447,-1.291,-0.579,0,0,0,0,,4292.085,4289.885,1.#IO,1.#IO,-8.291,-48.248,1.#IO,1.#IO,12.724,12.615,1.#IO,1.#IO
GREY LINE,48.4366,4.8,448,-1.301,-0.578,0,0,0,0,,4291.928,4289.848,1.#IO,1.#IO,-8.227,-48.211,1.#IO,1.#IO,12.723,12.615,1.#IO,1.#IO
GREY LINE,48.4366,4.8,449,-1.309,-0.576,0,0,0,0,,4291.816,4289.824,1.#IO,1.#IO,-8.179,-48.173,1.#IO,1.#IO,12.722,12.615,1.#IO,1.#IO
GREY LINE,48.4368,4.8,450,-1.321,-0.575,0,0,0,0,,4291.693,4289.81,1.#IO,1.#IO,-8.121,-48.129,1.#IO,1.#IO,12.721,12.614,1.#IO,1.#IO
GREY LINE,48.4368,4.8,451,-1.332,-0.573,0,0,0,0,,4291.532,4289.886,1.#IO,1.#IO,-8.062,-48.109,1.#IO,1.#IO,12.719,12.614,1.#IO,1.#IO
GREY LINE,48.4368,4.8,452,-1.336,-0.569,0,0,0,0,,4291.377,4289.841,1.#IO,1.#IO,-8.008,-48.072,1.#IO,1.#IO,12.718,12.613,1.#IO,1.#IO
GREY LINE,48.4368,4.8,453,-1.342,-0.566,0,0,0,0,,4291.25,4289.899,1.#IO,1.#IO,-7.97,-48.048,1.#IO,1.#IO,12.716,12.613,1.#IO,1.#IO
GREY LINE,48.4368,4.8,454,-1.35,-0.563,0,0,0,0,,4291.224,4289.855,1.#IO,1.#IO,-7.95,-48.004,1.#IO,1.#IO,12.715,12.612,1.#IO,1.#IO
GREY LINE,48.4368,4.8,455,-1.349,-0.56,0,0,0,0,,4291.202,4289.809,1.#IO,1.#IO,-7.928,-47.96,1.#IO,1.#IO,12.714,12.612,1.#IO,1.#IO
GREY LINE,48.4368,4.8,456,-1.351,-0.554,0,0,0,0,,4291.185,4289.78,1.#IO,1.#IO,-7.91,-47.915,1.#IO,1.#IO,12.714,12.611,1.#IO,1.#IO
GREY LINE,48.4368,4.8,457,-1.355,-0.551,0,0,0,0,,4291.15,4289.85,1.#IO,1.#IO,-7.89,-47.887,1.#IO,1.#IO,12.713,12.61,1.#IO,1.#IO
GREY LINE,48.4368,4.8,458,-1.353,-0.547,0,0,0,0,,4291.127,4289.814,1.#IO,1.#IO,-7.87,-47.843,1.#IO,1.#IO,12.713,12.61,1.#IO,1.#IO
GREY LINE,48.4368,4.8,459,-1.348,-0.543,0,0,0,0,,4291.098,4289.784,1.#IO,1.#IO,-7.848,-47.797,1.#IO,1.#IO,12.712,12.609,1.#IO,1.#IO
GREY LINE,48.437,4.9,460,-1.347,-0.54,0,0,0,0,,4291.078,4289.782,1.#IO,1.#IO,-7.824,-47.717,1.#IO,1.#IO,12.711,12.608,1.#IO,1.#IO
GREY LINE,48.437,4.9,461,-1.339,-0.533,0,0,0,0,,4291.056,4289.756,1.#IO,1.#IO,-7.804,-47.67,1.#IO,1.#IO,12.711,12.607,1.#IO,1.#IO
GREY LINE,48.437,4.9,462,-1.333,-0.529,0,0,0,0,,4291.043,4289.727,1.#IO,1.#IO,-7.786,-47.623,1.#IO,1.#IO,12.71,12.607,1.#IO,1.#IO
GREY LINE,48.437,4.9,463,-1.323,-0.523,0,0,0,0,,4291.024,4289.653,1.#IO,1.#IO,-7.769,-47.56,1.#IO,1.#IO,12.709,12.606,1.#IO,1.#IO
GREY LINE,48.437,4.9,464,-1.309,-0.517,0,0,0,0,,4291.009,4289.623,1.#IO,1.#IO,-7.752,-47.513,1.#IO,1.#IO,12.708,12.606,1.#IO,1.#IO
GREY LINE,48.437,4.9,465,-1.301,-0.511,0,0,0,0,,4290.998,4289.606,1.#IO,1.#IO,-7.737,-47.47,1.#IO,1.#IO,12.707,12.605,1.#IO,1.#IO
GREY LINE,48.437,4.9,466,-1.291,-0.504,0,0,0,0,,4290.988,4289.532,1.#IO,1.#IO,-7.725,-47.413,1.#IO,1.#IO,12.706,12.604,1.#IO,1.#IO
GREY LINE,48.437,4.9,467,-1.279,-0.496,0,0,0,0,,4290.979,4289.685,1.#IO,1.#IO,-7.716,-47.375,1.#IO,1.#IO,12.705,12.603,1.#IO,1.#IO
GREY LINE,48.437,4.9,468,-1.27,-0.49,0,0,0,0,,4290.964,4289.66,1.#IO,1.#IO,-7.709,-47.338,1.#IO,1.#IO,12.704,12.602,1.#IO,1.#IO
GREY LINE,48.437,4.9,469,-1.257,-0.483,0,0,0,0,,4290.958,4289.645,1.#IO,1.#IO,-7.703,-47.296,1.#IO,1.#IO,12.703,12.602,1.#IO,1.#IO
GREY LINE,48.4372,5,470,-1.242,-0.477,0,0,0,0,,4290.948,4289.615,1.#IO,1.#IO,-7.699,-47.262,1.#IO,1.#IO,12.702,12.601,1.#IO,1.#IO
GREY LINE,48.4372,5,471,-1.231,-0.471,0,0,0,0,,4290.941,4289.588,1.#IO,1.#IO,-7.694,-47.227,1.#IO,1.#IO,12.702,12.601,1.#IO,1.#IO
GREY LINE,48.4372,5,472,-1.217,-0.462,0,0,0,0,,4290.919,4289.551,1.#IO,1.#IO,-7.686,-47.161,1.#IO,1.#IO,12.701,12.6,1.#IO,1.#IO
GREY LINE,48.4372,5,473,-1.206,-0.455,0,0,0,0,,4290.905,4289.521,1.#IO,1.#IO,-7.682,-47.086,1.#IO,1.#IO,12.7,12.6,1.#IO,1.#IO
GREY LINE,48.4372,5,474,-1.195,-0.448,0,0,0,0,,4290.89,4289.51,1.#IO,1.#IO,-7.672,-47.044,1.#IO,1.#IO,12.7,12.6,1.#IO,1.#IO
GREY LINE,48.4372,5,475,-1.18,-0.439,0,0,0,0,,4290.884,4289.462,1.#IO,1.#IO,-7.659,-46.998,1.#IO,1.#IO,12.699,12.6,1.#IO,1.#IO
GREY LINE,48.4372,5,476,-1.162,-0.43,0,0,0,0,,4290.881,4289.321,1.#IO,1.#IO,-7.645,-46.931,1.#IO,1.#IO,12.699,12.601,1.#IO,1.#IO
GREY LINE,48.4372,5,477,-1.141,-0.432,0,0,0,0,,4290.856,4289.288,1.#IO,1.#IO,-7.635,-46.889,1.#IO,1.#IO,12.698,12.602,1.#IO,1.#IO
GREY LINE,48.4372,5,478,-1.121,-0.435,0,0,0,0,,4289.272,1.#IO,1.#IO,1.#IO,-46.844,1.#IO,1.#IO,1.#IO,12.602,1.#IO,1.#IO,1.#IO
GREY LINE,48.4372,5,479,-1.098,-0.436,0,0,0,0,,4289.238,1.#IO,1.#IO,1.#IO,-46.794,1.#IO,1.#IO,1.#IO,12.602,1.#IO,1.#IO,1.#IO
GREY LINE,48.4374,5,480,-1.083,-0.437,0,0,0,0,,4289.146,1.#IO,1.#IO,1.#IO,-46.735,1.#IO,1.#IO,1.#IO,12.602,1.#IO,1.#IO,1.#IO
GREY LINE,48.4374,5,481,-1.062,-0.439,0,0,0,0,,4289.112,1.#IO,1.#IO,1.#IO,-46.692,1.#IO,1.#IO,1.#IO,12.601,1.#IO,1.#IO,1.#IO
GREY LINE,48.4374,5,482,-1.047,-0.441,0,0,0,0,,4289.025,1.#IO,1.#IO,1.#IO,-46.635,1.#IO,1.#IO,1.#IO,12.601,1.#IO,1.#IO,1.#IO
GREY LINE,48.4374,5,483,-1.027,-0.442,0,0,0,0,,4289.004,1.#IO,1.#IO,1.#IO,-46.59,1.#IO,1.#IO,1.#IO,12.601,1.#IO,1.#IO,1.#IO
GREY LINE,48.4374,5,484,-1.011,-0.443,0,0,0,0,,4288.978,1.#IO,1.#IO,1.#IO,-46.547,1.#IO,1.#IO,1.#IO,12.601,1.#IO,1.#IO,1.#IO
GREY LINE,48.4374,5,485,-0.989,-0.444,0,0,0,0,,4288.895,1.#IO,1.#IO,1.#IO,-46.494,1.#IO,1.#IO,1.#IO,12.601,1.#IO,1.#IO,1.#IO
GREY LINE,48.4374,5,486,-0.966,-0.446,0,0,0,0,,4288.879,1.#IO,1.#IO,1.#IO,-46.45,1.#IO,1.#IO,1.#IO,12.6,1.#IO,1.#IO,1.#IO
GREY LINE,48.4374,5,487,-0.947,-0.447,0,0,0,0,,4288.856,1.#IO,1.#IO,1.#IO,-46.41,1.#IO,1.#IO,1.#IO,12.6,1.#IO,1.#IO,1.#IO
GREY LINE,48.4374,5,488,-0.92,-0.445,0,0,0,0,,4288.84,1.#IO,1.#IO,1.#IO,-46.371,1.#IO,1.#IO,1.#IO,12.6,1.#IO,1.#IO,1.#IO
GREY LINE,48.4374,5,489,-0.89,-0.444,0,0,0,0,,4288.803,1.#IO,1.#IO,1.#IO,-46.302,1.#IO,1.#IO,1.#IO,12.6,1.#IO,1.#IO,1.#IO
GREY LINE,48.4376,5.1,490,-0.863,-0.444,0,0,0,0,,4288.787,1.#IO,1.#IO,1.#IO,-46.258,1.#IO,1.#IO,1.#IO,12.599,1.#IO,1.#IO,1.#IO
GREY LINE,48.4376,5.1,491,-0.839,-0.444,0,0,0,0,,4288.772,1.#IO,1.#IO,1.#IO,-46.216,1.#IO,1.#IO,1.#IO,12.599,1.#IO,1.#IO,1.#IO
GREY LINE,48.4376,5.1,492,-0.81,-0.443,0,0,0,0,,4288.764,1.#IO,1.#IO,1.#IO,-46.193,1.#IO,1.#IO,1.#IO,12.599,1.#IO,1.#IO,1.#IO
GREY LINE,48.4376,5.1,493,-0.794,-0.443,0,0,0,0,,4288.763,1.#IO,1.#IO,1.#IO,-46.148,1.#IO,1.#IO,1.#IO,12.599,1.#IO,1.#IO,1.#IO
GREY LINE,48.4376,5.1,494,-0.77,-0.441,0,0,0,0,,4288.74,1.#IO,1.#IO,1.#IO,-46.101,1.#IO,1.#IO,1.#IO,12.598,1.#IO,1.#IO,1.#IO
GREY LINE,48.4376,5.1,495,-0.755,-0.439,0,0,0,0,,4288.729,1.#IO,1.#IO,1.#IO,-46.053,1.#IO,1.#IO,1.#IO,12.596,1.#IO,1.#IO,1.#IO
GREY LINE,48.4376,5.1,496,-0.739,-0.436,0,0,0,0,,4288.725,1.#IO,1.#IO,1.#IO,-46.008,1.#IO,1.#IO,1.#IO,12.595,1.#IO,1.#IO,1.#IO
GREY LINE,48.4376,5.1,497,-0.718,-0.435,0,0,0,0,,4288.717,1.#IO,1.#IO,1.#IO,-45.961,1.#IO,1.#IO,1.#IO,12.593,1.#IO,1.#IO,1.#IO
GREY LINE,48.4376,5.1,498,-0.698,-0.432,0,0,0,0,,4288.713,1.#IO,1.#IO,1.#IO,-45.917,1.#IO,1.#IO,1.#IO,12.591,1.#IO,1.#IO,1.#IO
GREY LINE,48.4376,5.1,499,-0.684,-0.426,0,0,0,0,,4288.703,1.#IO,1.#IO,1.#IO,-45.869,1.#IO,1.#IO,1.#IO,12.59,1.#IO,1.#IO,1.#IO
GREY LINE,48.4378,5.1,500,-0.662,-0.422,0,0,0,0,,4288.697,1.#IO,1.#IO,1.#IO,-45.819,1.#IO,1.#IO,1.#IO,12.59,1.#IO,1.#IO,1.#IO
